id_auditoria,descripcion,fecha
1,Pedido 1 generado para Cliente 210,2025-10-25 23:37:58.367000000
2,Pedido 2 generado para Cliente 970,2025-10-25 23:37:58.390000000
3,Pedido 3 generado para Cliente 815,2025-10-25 23:37:58.413000000
4,Pedido 4 generado para Cliente 216,2025-10-25 23:37:58.443000000
5,Pedido 5 generado para Cliente 872,2025-10-25 23:37:58.480000000
6,Pedido 6 generado para Cliente 904,2025-10-25 23:37:58.510000000
7,Pedido 7 generado para Cliente 513,2025-10-25 23:37:58.540000000
8,Pedido 8 generado para Cliente 577,2025-10-25 23:37:58.583000000
9,Pedido 9 generado para Cliente 100,2025-10-25 23:37:58.617000000
10,Pedido 10 generado para Cliente 86,2025-10-25 23:37:58.650000000
11,Pedido 11 generado para Cliente 224,2025-10-25 23:37:58.680000000
12,Pedido 12 generado para Cliente 454,2025-10-25 23:37:58.723000000
13,Pedido 13 generado para Cliente 545,2025-10-25 23:37:58.750000000
14,Pedido 14 generado para Cliente 927,2025-10-25 23:37:58.787000000
15,Pedido 15 generado para Cliente 984,2025-10-25 23:37:58.807000000
16,Pedido 16 generado para Cliente 901,2025-10-25 23:37:58.857000000
17,Pedido 17 generado para Cliente 47,2025-10-25 23:37:58.910000000
18,Pedido 18 generado para Cliente 922,2025-10-25 23:37:58.943000000
19,Pedido 19 generado para Cliente 369,2025-10-25 23:37:58.990000000
20,Pedido 20 generado para Cliente 348,2025-10-25 23:37:59.013000000
21,Pedido 21 generado para Cliente 468,2025-10-25 23:37:59.050000000
22,Pedido 22 generado para Cliente 199,2025-10-25 23:37:59.083000000
23,Pedido 23 generado para Cliente 396,2025-10-25 23:37:59.110000000
24,Pedido 24 generado para Cliente 864,2025-10-25 23:37:59.150000000
25,Pedido 25 generado para Cliente 627,2025-10-25 23:37:59.183000000
26,Pedido 26 generado para Cliente 389,2025-10-25 23:37:59.213000000
27,Pedido 27 generado para Cliente 70,2025-10-25 23:37:59.243000000
28,Pedido 28 generado para Cliente 511,2025-10-25 23:37:59.283000000
29,Pedido 29 generado para Cliente 815,2025-10-25 23:37:59.317000000
30,Pedido 30 generado para Cliente 839,2025-10-25 23:37:59.340000000
31,Pedido 31 generado para Cliente 328,2025-10-25 23:37:59.377000000
32,Pedido 32 generado para Cliente 810,2025-10-25 23:37:59.397000000
33,Pedido 33 generado para Cliente 634,2025-10-25 23:37:59.420000000
34,Pedido 34 generado para Cliente 32,2025-10-25 23:37:59.450000000
35,Pedido 35 generado para Cliente 431,2025-10-25 23:37:59.480000000
36,Pedido 36 generado para Cliente 382,2025-10-25 23:37:59.507000000
37,Pedido 37 generado para Cliente 471,2025-10-25 23:37:59.540000000
38,Pedido 38 generado para Cliente 309,2025-10-25 23:37:59.567000000
39,Pedido 39 generado para Cliente 160,2025-10-25 23:37:59.600000000
40,Pedido 40 generado para Cliente 879,2025-10-25 23:37:59.623000000
41,Pedido 41 generado para Cliente 300,2025-10-25 23:37:59.650000000
42,Pedido 42 generado para Cliente 413,2025-10-25 23:37:59.680000000
43,Pedido 43 generado para Cliente 228,2025-10-25 23:37:59.703000000
44,Pedido 44 generado para Cliente 478,2025-10-25 23:37:59.733000000
45,Pedido 45 generado para Cliente 584,2025-10-25 23:37:59.763000000
46,Pedido 46 generado para Cliente 463,2025-10-25 23:37:59.803000000
47,Pedido 47 generado para Cliente 445,2025-10-25 23:37:59.837000000
48,Pedido 48 generado para Cliente 867,2025-10-25 23:37:59.863000000
49,Pedido 49 generado para Cliente 762,2025-10-25 23:37:59.890000000
50,Pedido 50 generado para Cliente 799,2025-10-25 23:37:59.920000000
51,Pedido 51 generado para Cliente 260,2025-10-25 23:37:59.940000000
52,Pedido 52 generado para Cliente 762,2025-10-25 23:37:59.963000000
53,Pedido 53 generado para Cliente 163,2025-10-25 23:38:00.003000000
54,Pedido 54 generado para Cliente 898,2025-10-25 23:38:00.033000000
55,Pedido 55 generado para Cliente 182,2025-10-25 23:38:00.070000000
56,Pedido 56 generado para Cliente 732,2025-10-25 23:38:00.093000000
57,Pedido 57 generado para Cliente 283,2025-10-25 23:38:00.120000000
58,Pedido 58 generado para Cliente 52,2025-10-25 23:38:00.147000000
59,Pedido 59 generado para Cliente 994,2025-10-25 23:38:00.180000000
60,Pedido 60 generado para Cliente 416,2025-10-25 23:38:00.217000000
61,Pedido 61 generado para Cliente 521,2025-10-25 23:38:00.250000000
62,Pedido 62 generado para Cliente 570,2025-10-25 23:38:00.283000000
63,Pedido 63 generado para Cliente 706,2025-10-25 23:38:00.303000000
64,Pedido 64 generado para Cliente 679,2025-10-25 23:38:00.337000000
65,Pedido 65 generado para Cliente 436,2025-10-25 23:38:00.367000000
66,Pedido 66 generado para Cliente 186,2025-10-25 23:38:00.393000000
67,Pedido 67 generado para Cliente 963,2025-10-25 23:38:00.430000000
68,Pedido 68 generado para Cliente 296,2025-10-25 23:38:00.463000000
69,Pedido 69 generado para Cliente 998,2025-10-25 23:38:00.487000000
70,Pedido 70 generado para Cliente 211,2025-10-25 23:38:00.523000000
71,Pedido 71 generado para Cliente 266,2025-10-25 23:38:00.547000000
72,Pedido 72 generado para Cliente 904,2025-10-25 23:38:00.570000000
73,Pedido 73 generado para Cliente 577,2025-10-25 23:38:00.600000000
74,Pedido 74 generado para Cliente 285,2025-10-25 23:38:00.633000000
75,Pedido 75 generado para Cliente 495,2025-10-25 23:38:00.670000000
76,Pedido 76 generado para Cliente 247,2025-10-25 23:38:00.703000000
77,Pedido 77 generado para Cliente 299,2025-10-25 23:38:00.727000000
78,Pedido 78 generado para Cliente 930,2025-10-25 23:38:00.750000000
79,Pedido 79 generado para Cliente 68,2025-10-25 23:38:00.783000000
80,Pedido 80 generado para Cliente 500,2025-10-25 23:38:00.807000000
81,Pedido 81 generado para Cliente 894,2025-10-25 23:38:00.830000000
82,Pedido 82 generado para Cliente 829,2025-10-25 23:38:00.860000000
83,Pedido 83 generado para Cliente 476,2025-10-25 23:38:00.897000000
84,Pedido 84 generado para Cliente 863,2025-10-25 23:38:00.930000000
85,Pedido 85 generado para Cliente 847,2025-10-25 23:38:00.967000000
86,Pedido 86 generado para Cliente 913,2025-10-25 23:38:00.997000000
87,Pedido 87 generado para Cliente 366,2025-10-25 23:38:01.023000000
88,Pedido 88 generado para Cliente 988,2025-10-25 23:38:01.060000000
89,Pedido 89 generado para Cliente 789,2025-10-25 23:38:01.083000000
90,Pedido 90 generado para Cliente 662,2025-10-25 23:38:01.120000000
91,Pedido 91 generado para Cliente 425,2025-10-25 23:38:01.150000000
92,Pedido 92 generado para Cliente 732,2025-10-25 23:38:01.183000000
93,Pedido 93 generado para Cliente 996,2025-10-25 23:38:01.210000000
94,Pedido 94 generado para Cliente 525,2025-10-25 23:38:01.240000000
95,Pedido 95 generado para Cliente 58,2025-10-25 23:38:01.273000000
96,Pedido 96 generado para Cliente 377,2025-10-25 23:38:01.300000000
97,Pedido 97 generado para Cliente 152,2025-10-25 23:38:01.337000000
98,Pedido 98 generado para Cliente 564,2025-10-25 23:38:01.367000000
99,Pedido 99 generado para Cliente 741,2025-10-25 23:38:01.397000000
100,Pedido 100 generado para Cliente 178,2025-10-25 23:38:01.437000000
101,Pedido 101 generado para Cliente 744,2025-10-25 23:38:01.463000000
102,Pedido 102 generado para Cliente 443,2025-10-25 23:38:01.507000000
103,Pedido 103 generado para Cliente 239,2025-10-25 23:38:01.540000000
104,Pedido 104 generado para Cliente 561,2025-10-25 23:38:01.570000000
105,Pedido 105 generado para Cliente 228,2025-10-25 23:38:01.623000000
106,Pedido 106 generado para Cliente 143,2025-10-25 23:38:01.703000000
107,Pedido 107 generado para Cliente 668,2025-10-25 23:38:01.760000000
108,Pedido 108 generado para Cliente 551,2025-10-25 23:38:01.797000000
109,Pedido 109 generado para Cliente 204,2025-10-25 23:38:01.833000000
110,Pedido 110 generado para Cliente 246,2025-10-25 23:38:01.880000000
111,Pedido 111 generado para Cliente 416,2025-10-25 23:38:01.900000000
112,Pedido 112 generado para Cliente 600,2025-10-25 23:38:01.930000000
113,Pedido 113 generado para Cliente 235,2025-10-25 23:38:01.963000000
114,Pedido 114 generado para Cliente 906,2025-10-25 23:38:02.013000000
115,Pedido 115 generado para Cliente 726,2025-10-25 23:38:02.060000000
116,Pedido 116 generado para Cliente 633,2025-10-25 23:38:02.120000000
117,Pedido 117 generado para Cliente 825,2025-10-25 23:38:02.157000000
118,Pedido 118 generado para Cliente 765,2025-10-25 23:38:02.197000000
119,Pedido 119 generado para Cliente 953,2025-10-25 23:38:02.230000000
120,Pedido 120 generado para Cliente 302,2025-10-25 23:38:02.253000000
121,Pedido 121 generado para Cliente 823,2025-10-25 23:38:02.290000000
122,Pedido 122 generado para Cliente 821,2025-10-25 23:38:02.323000000
123,Pedido 123 generado para Cliente 462,2025-10-25 23:38:02.350000000
124,Pedido 124 generado para Cliente 840,2025-10-25 23:38:02.373000000
125,Pedido 125 generado para Cliente 60,2025-10-25 23:38:02.397000000
126,Pedido 126 generado para Cliente 552,2025-10-25 23:38:02.420000000
127,Pedido 127 generado para Cliente 192,2025-10-25 23:38:02.450000000
128,Pedido 128 generado para Cliente 673,2025-10-25 23:38:02.477000000
129,Pedido 129 generado para Cliente 789,2025-10-25 23:38:02.507000000
130,Pedido 130 generado para Cliente 177,2025-10-25 23:38:02.540000000
131,Pedido 131 generado para Cliente 519,2025-10-25 23:38:02.570000000
132,Pedido 132 generado para Cliente 241,2025-10-25 23:38:02.603000000
133,Pedido 133 generado para Cliente 513,2025-10-25 23:38:02.623000000
134,Pedido 134 generado para Cliente 717,2025-10-25 23:38:02.660000000
135,Pedido 135 generado para Cliente 524,2025-10-25 23:38:02.700000000
136,Pedido 136 generado para Cliente 198,2025-10-25 23:38:02.733000000
137,Pedido 137 generado para Cliente 472,2025-10-25 23:38:02.757000000
138,Pedido 138 generado para Cliente 728,2025-10-25 23:38:02.777000000
139,Pedido 139 generado para Cliente 974,2025-10-25 23:38:02.803000000
140,Pedido 140 generado para Cliente 933,2025-10-25 23:38:02.833000000
141,Pedido 141 generado para Cliente 807,2025-10-25 23:38:02.870000000
142,Pedido 142 generado para Cliente 546,2025-10-25 23:38:02.900000000
143,Pedido 143 generado para Cliente 2,2025-10-25 23:38:02.930000000
144,Pedido 144 generado para Cliente 720,2025-10-25 23:38:02.963000000
145,Pedido 145 generado para Cliente 576,2025-10-25 23:38:02.990000000
146,Pedido 146 generado para Cliente 884,2025-10-25 23:38:03.067000000
147,Pedido 147 generado para Cliente 865,2025-10-25 23:38:03.107000000
148,Pedido 148 generado para Cliente 881,2025-10-25 23:38:03.140000000
149,Pedido 149 generado para Cliente 859,2025-10-25 23:38:03.180000000
150,Pedido 150 generado para Cliente 320,2025-10-25 23:38:03.227000000
151,Pedido 151 generado para Cliente 862,2025-10-25 23:38:03.263000000
152,Pedido 152 generado para Cliente 751,2025-10-25 23:38:03.293000000
153,Pedido 153 generado para Cliente 641,2025-10-25 23:38:03.347000000
154,Pedido 154 generado para Cliente 744,2025-10-25 23:38:03.373000000
155,Pedido 155 generado para Cliente 371,2025-10-25 23:38:03.417000000
156,Pedido 156 generado para Cliente 987,2025-10-25 23:38:03.443000000
157,Pedido 157 generado para Cliente 358,2025-10-25 23:38:03.477000000
158,Pedido 158 generado para Cliente 548,2025-10-25 23:38:03.503000000
159,Pedido 159 generado para Cliente 595,2025-10-25 23:38:03.533000000
160,Pedido 160 generado para Cliente 112,2025-10-25 23:38:03.577000000
161,Pedido 161 generado para Cliente 951,2025-10-25 23:38:03.620000000
162,Pedido 162 generado para Cliente 832,2025-10-25 23:38:03.673000000
163,Pedido 163 generado para Cliente 700,2025-10-25 23:38:03.720000000
164,Pedido 164 generado para Cliente 993,2025-10-25 23:38:03.747000000
165,Pedido 165 generado para Cliente 792,2025-10-25 23:38:03.780000000
166,Pedido 166 generado para Cliente 902,2025-10-25 23:38:03.813000000
167,Pedido 167 generado para Cliente 280,2025-10-25 23:38:03.837000000
168,Pedido 168 generado para Cliente 21,2025-10-25 23:38:03.863000000
169,Pedido 169 generado para Cliente 290,2025-10-25 23:38:03.893000000
170,Pedido 170 generado para Cliente 193,2025-10-25 23:38:03.927000000
171,Pedido 171 generado para Cliente 359,2025-10-25 23:38:03.960000000
172,Pedido 172 generado para Cliente 261,2025-10-25 23:38:03.990000000
173,Pedido 173 generado para Cliente 794,2025-10-25 23:38:04.023000000
174,Pedido 174 generado para Cliente 201,2025-10-25 23:38:04.043000000
175,Pedido 175 generado para Cliente 70,2025-10-25 23:38:04.070000000
176,Pedido 176 generado para Cliente 318,2025-10-25 23:38:04.100000000
177,Pedido 177 generado para Cliente 348,2025-10-25 23:38:04.127000000
178,Pedido 178 generado para Cliente 422,2025-10-25 23:38:04.160000000
179,Pedido 179 generado para Cliente 863,2025-10-25 23:38:04.193000000
180,Pedido 180 generado para Cliente 17,2025-10-25 23:38:04.237000000
181,Pedido 181 generado para Cliente 246,2025-10-25 23:38:04.287000000
182,Pedido 182 generado para Cliente 975,2025-10-25 23:38:04.357000000
183,Pedido 183 generado para Cliente 635,2025-10-25 23:38:04.393000000
184,Pedido 184 generado para Cliente 7,2025-10-25 23:38:04.443000000
185,Pedido 185 generado para Cliente 515,2025-10-25 23:38:04.470000000
186,Pedido 186 generado para Cliente 739,2025-10-25 23:38:04.500000000
187,Pedido 187 generado para Cliente 558,2025-10-25 23:38:04.533000000
188,Pedido 188 generado para Cliente 232,2025-10-25 23:38:04.580000000
189,Pedido 189 generado para Cliente 843,2025-10-25 23:38:04.613000000
190,Pedido 190 generado para Cliente 932,2025-10-25 23:38:04.640000000
191,Pedido 191 generado para Cliente 424,2025-10-25 23:38:04.663000000
192,Pedido 192 generado para Cliente 686,2025-10-25 23:38:04.690000000
193,Pedido 193 generado para Cliente 737,2025-10-25 23:38:04.723000000
194,Pedido 194 generado para Cliente 890,2025-10-25 23:38:04.753000000
195,Pedido 195 generado para Cliente 504,2025-10-25 23:38:04.780000000
196,Pedido 196 generado para Cliente 898,2025-10-25 23:38:04.803000000
197,Pedido 197 generado para Cliente 524,2025-10-25 23:38:04.843000000
198,Pedido 198 generado para Cliente 266,2025-10-25 23:38:04.880000000
199,Pedido 199 generado para Cliente 235,2025-10-25 23:38:04.903000000
200,Pedido 200 generado para Cliente 751,2025-10-25 23:38:04.947000000
201,Pedido 201 generado para Cliente 185,2025-10-25 23:38:04.973000000
202,Pedido 202 generado para Cliente 115,2025-10-25 23:38:05.003000000
203,Pedido 203 generado para Cliente 463,2025-10-25 23:38:05.047000000
204,Pedido 204 generado para Cliente 45,2025-10-25 23:38:05.073000000
205,Pedido 205 generado para Cliente 808,2025-10-25 23:38:05.110000000
206,Pedido 206 generado para Cliente 44,2025-10-25 23:38:05.137000000
207,Pedido 207 generado para Cliente 907,2025-10-25 23:38:05.170000000
208,Pedido 208 generado para Cliente 454,2025-10-25 23:38:05.200000000
209,Pedido 209 generado para Cliente 957,2025-10-25 23:38:05.223000000
210,Pedido 210 generado para Cliente 425,2025-10-25 23:38:05.260000000
211,Pedido 211 generado para Cliente 338,2025-10-25 23:38:05.297000000
212,Pedido 212 generado para Cliente 699,2025-10-25 23:38:05.330000000
213,Pedido 213 generado para Cliente 129,2025-10-25 23:38:05.353000000
214,Pedido 214 generado para Cliente 783,2025-10-25 23:38:05.377000000
215,Pedido 215 generado para Cliente 771,2025-10-25 23:38:05.407000000
216,Pedido 216 generado para Cliente 931,2025-10-25 23:38:05.437000000
217,Pedido 217 generado para Cliente 326,2025-10-25 23:38:05.747000000
218,Pedido 218 generado para Cliente 250,2025-10-25 23:38:05.777000000
219,Pedido 219 generado para Cliente 523,2025-10-25 23:38:05.820000000
220,Pedido 220 generado para Cliente 137,2025-10-25 23:38:05.917000000
221,Pedido 221 generado para Cliente 491,2025-10-25 23:38:05.970000000
222,Pedido 222 generado para Cliente 543,2025-10-25 23:38:06.017000000
223,Pedido 223 generado para Cliente 982,2025-10-25 23:38:06.040000000
224,Pedido 224 generado para Cliente 244,2025-10-25 23:38:06.077000000
225,Pedido 225 generado para Cliente 804,2025-10-25 23:38:06.113000000
226,Pedido 226 generado para Cliente 47,2025-10-25 23:38:06.137000000
227,Pedido 227 generado para Cliente 629,2025-10-25 23:38:06.167000000
228,Pedido 228 generado para Cliente 71,2025-10-25 23:38:06.200000000
229,Pedido 229 generado para Cliente 846,2025-10-25 23:38:06.230000000
230,Pedido 230 generado para Cliente 112,2025-10-25 23:38:06.257000000
231,Pedido 231 generado para Cliente 698,2025-10-25 23:38:06.280000000
232,Pedido 232 generado para Cliente 809,2025-10-25 23:38:06.310000000
233,Pedido 233 generado para Cliente 169,2025-10-25 23:38:06.337000000
234,Pedido 234 generado para Cliente 458,2025-10-25 23:38:06.370000000
235,Pedido 235 generado para Cliente 656,2025-10-25 23:38:06.400000000
236,Pedido 236 generado para Cliente 42,2025-10-25 23:38:06.433000000
237,Pedido 237 generado para Cliente 663,2025-10-25 23:38:06.463000000
238,Pedido 238 generado para Cliente 165,2025-10-25 23:38:06.493000000
239,Pedido 239 generado para Cliente 607,2025-10-25 23:38:06.517000000
240,Pedido 240 generado para Cliente 527,2025-10-25 23:38:06.553000000
241,Pedido 241 generado para Cliente 583,2025-10-25 23:38:06.587000000
242,Pedido 242 generado para Cliente 63,2025-10-25 23:38:06.617000000
243,Pedido 243 generado para Cliente 906,2025-10-25 23:38:06.643000000
244,Pedido 244 generado para Cliente 503,2025-10-25 23:38:06.680000000
245,Pedido 245 generado para Cliente 179,2025-10-25 23:38:06.710000000
246,Pedido 246 generado para Cliente 393,2025-10-25 23:38:06.750000000
247,Pedido 247 generado para Cliente 382,2025-10-25 23:38:06.780000000
248,Pedido 248 generado para Cliente 909,2025-10-25 23:38:06.813000000
249,Pedido 249 generado para Cliente 675,2025-10-25 23:38:06.860000000
250,Pedido 250 generado para Cliente 611,2025-10-25 23:38:06.903000000
251,Pedido 251 generado para Cliente 726,2025-10-25 23:38:06.930000000
252,Pedido 252 generado para Cliente 38,2025-10-25 23:38:06.957000000
253,Pedido 253 generado para Cliente 370,2025-10-25 23:38:06.983000000
254,Pedido 254 generado para Cliente 215,2025-10-25 23:38:07.033000000
255,Pedido 255 generado para Cliente 549,2025-10-25 23:38:07.080000000
256,Pedido 256 generado para Cliente 888,2025-10-25 23:38:07.137000000
257,Pedido 257 generado para Cliente 670,2025-10-25 23:38:07.177000000
258,Pedido 258 generado para Cliente 643,2025-10-25 23:38:07.207000000
259,Pedido 259 generado para Cliente 750,2025-10-25 23:38:07.227000000
260,Pedido 260 generado para Cliente 736,2025-10-25 23:38:07.250000000
261,Pedido 261 generado para Cliente 558,2025-10-25 23:38:07.283000000
262,Pedido 262 generado para Cliente 186,2025-10-25 23:38:07.310000000
263,Pedido 263 generado para Cliente 330,2025-10-25 23:38:07.343000000
264,Pedido 264 generado para Cliente 752,2025-10-25 23:38:07.380000000
265,Pedido 265 generado para Cliente 721,2025-10-25 23:38:07.413000000
266,Pedido 266 generado para Cliente 181,2025-10-25 23:38:07.440000000
267,Pedido 267 generado para Cliente 407,2025-10-25 23:38:07.467000000
268,Pedido 268 generado para Cliente 990,2025-10-25 23:38:07.497000000
269,Pedido 269 generado para Cliente 831,2025-10-25 23:38:07.527000000
270,Pedido 270 generado para Cliente 416,2025-10-25 23:38:07.557000000
271,Pedido 271 generado para Cliente 394,2025-10-25 23:38:07.590000000
272,Pedido 272 generado para Cliente 757,2025-10-25 23:38:07.610000000
273,Pedido 273 generado para Cliente 966,2025-10-25 23:38:07.633000000
274,Pedido 274 generado para Cliente 717,2025-10-25 23:38:07.657000000
275,Pedido 275 generado para Cliente 503,2025-10-25 23:38:07.683000000
276,Pedido 276 generado para Cliente 503,2025-10-25 23:38:07.710000000
277,Pedido 277 generado para Cliente 502,2025-10-25 23:38:07.747000000
278,Pedido 278 generado para Cliente 22,2025-10-25 23:38:07.783000000
279,Pedido 279 generado para Cliente 144,2025-10-25 23:38:07.810000000
280,Pedido 280 generado para Cliente 469,2025-10-25 23:38:07.853000000
281,Pedido 281 generado para Cliente 398,2025-10-25 23:38:07.887000000
282,Pedido 282 generado para Cliente 167,2025-10-25 23:38:07.933000000
283,Pedido 283 generado para Cliente 888,2025-10-25 23:38:07.973000000
284,Pedido 284 generado para Cliente 32,2025-10-25 23:38:08.007000000
285,Pedido 285 generado para Cliente 227,2025-10-25 23:38:08.053000000
286,Pedido 286 generado para Cliente 118,2025-10-25 23:38:08.100000000
287,Pedido 287 generado para Cliente 626,2025-10-25 23:38:08.130000000
288,Pedido 288 generado para Cliente 391,2025-10-25 23:38:08.160000000
289,Pedido 289 generado para Cliente 660,2025-10-25 23:38:08.193000000
290,Pedido 290 generado para Cliente 988,2025-10-25 23:38:08.220000000
291,Pedido 291 generado para Cliente 543,2025-10-25 23:38:08.247000000
292,Pedido 292 generado para Cliente 489,2025-10-25 23:38:08.303000000
293,Pedido 293 generado para Cliente 687,2025-10-25 23:38:08.360000000
294,Pedido 294 generado para Cliente 866,2025-10-25 23:38:08.400000000
295,Pedido 295 generado para Cliente 702,2025-10-25 23:38:08.450000000
296,Pedido 296 generado para Cliente 529,2025-10-25 23:38:08.500000000
297,Pedido 297 generado para Cliente 624,2025-10-25 23:38:08.537000000
298,Pedido 298 generado para Cliente 801,2025-10-25 23:38:08.563000000
299,Pedido 299 generado para Cliente 912,2025-10-25 23:38:08.603000000
300,Pedido 300 generado para Cliente 26,2025-10-25 23:38:08.627000000
301,Pedido 301 generado para Cliente 111,2025-10-25 23:38:08.660000000
302,Pedido 302 generado para Cliente 549,2025-10-25 23:38:08.683000000
303,Pedido 303 generado para Cliente 421,2025-10-25 23:38:08.713000000
304,Pedido 304 generado para Cliente 295,2025-10-25 23:38:08.740000000
305,Pedido 305 generado para Cliente 761,2025-10-25 23:38:08.770000000
306,Pedido 306 generado para Cliente 836,2025-10-25 23:38:08.793000000
307,Pedido 307 generado para Cliente 804,2025-10-25 23:38:08.830000000
308,Pedido 308 generado para Cliente 25,2025-10-25 23:38:08.863000000
309,Pedido 309 generado para Cliente 688,2025-10-25 23:38:08.907000000
310,Pedido 310 generado para Cliente 410,2025-10-25 23:38:08.943000000
311,Pedido 311 generado para Cliente 519,2025-10-25 23:38:08.963000000
312,Pedido 312 generado para Cliente 489,2025-10-25 23:38:09
313,Pedido 313 generado para Cliente 548,2025-10-25 23:38:09.040000000
314,Pedido 314 generado para Cliente 294,2025-10-25 23:38:09.067000000
315,Pedido 315 generado para Cliente 545,2025-10-25 23:38:09.090000000
316,Pedido 316 generado para Cliente 821,2025-10-25 23:38:09.127000000
317,Pedido 317 generado para Cliente 139,2025-10-25 23:38:09.150000000
318,Pedido 318 generado para Cliente 435,2025-10-25 23:38:09.177000000
319,Pedido 319 generado para Cliente 410,2025-10-25 23:38:09.207000000
320,Pedido 320 generado para Cliente 856,2025-10-25 23:38:09.233000000
321,Pedido 321 generado para Cliente 475,2025-10-25 23:38:09.257000000
322,Pedido 322 generado para Cliente 842,2025-10-25 23:38:09.293000000
323,Pedido 323 generado para Cliente 121,2025-10-25 23:38:09.317000000
324,Pedido 324 generado para Cliente 882,2025-10-25 23:38:09.340000000
325,Pedido 325 generado para Cliente 544,2025-10-25 23:38:09.377000000
326,Pedido 326 generado para Cliente 913,2025-10-25 23:38:09.417000000
327,Pedido 327 generado para Cliente 950,2025-10-25 23:38:09.457000000
328,Pedido 328 generado para Cliente 957,2025-10-25 23:38:09.497000000
329,Pedido 329 generado para Cliente 542,2025-10-25 23:38:09.533000000
330,Pedido 330 generado para Cliente 714,2025-10-25 23:38:09.560000000
331,Pedido 331 generado para Cliente 390,2025-10-25 23:38:09.587000000
332,Pedido 332 generado para Cliente 601,2025-10-25 23:38:09.613000000
333,Pedido 333 generado para Cliente 60,2025-10-25 23:38:09.657000000
334,Pedido 334 generado para Cliente 367,2025-10-25 23:38:09.700000000
335,Pedido 335 generado para Cliente 690,2025-10-25 23:38:09.730000000
336,Pedido 336 generado para Cliente 673,2025-10-25 23:38:09.757000000
337,Pedido 337 generado para Cliente 63,2025-10-25 23:38:09.787000000
338,Pedido 338 generado para Cliente 761,2025-10-25 23:38:09.823000000
339,Pedido 339 generado para Cliente 512,2025-10-25 23:38:09.853000000
340,Pedido 340 generado para Cliente 163,2025-10-25 23:38:09.880000000
341,Pedido 341 generado para Cliente 182,2025-10-25 23:38:09.913000000
342,Pedido 342 generado para Cliente 322,2025-10-25 23:38:09.947000000
343,Pedido 343 generado para Cliente 467,2025-10-25 23:38:09.990000000
344,Pedido 344 generado para Cliente 5,2025-10-25 23:38:10.013000000
345,Pedido 345 generado para Cliente 995,2025-10-25 23:38:10.040000000
346,Pedido 346 generado para Cliente 977,2025-10-25 23:38:10.073000000
347,Pedido 347 generado para Cliente 836,2025-10-25 23:38:10.120000000
348,Pedido 348 generado para Cliente 162,2025-10-25 23:38:10.177000000
349,Pedido 349 generado para Cliente 89,2025-10-25 23:38:10.233000000
350,Pedido 350 generado para Cliente 516,2025-10-25 23:38:10.267000000
351,Pedido 351 generado para Cliente 985,2025-10-25 23:38:10.303000000
352,Pedido 352 generado para Cliente 589,2025-10-25 23:38:10.350000000
353,Pedido 353 generado para Cliente 273,2025-10-25 23:38:10.393000000
354,Pedido 354 generado para Cliente 643,2025-10-25 23:38:10.423000000
355,Pedido 355 generado para Cliente 291,2025-10-25 23:38:10.453000000
356,Pedido 356 generado para Cliente 456,2025-10-25 23:38:10.480000000
357,Pedido 357 generado para Cliente 896,2025-10-25 23:38:10.517000000
358,Pedido 358 generado para Cliente 876,2025-10-25 23:38:10.557000000
359,Pedido 359 generado para Cliente 723,2025-10-25 23:38:10.587000000
360,Pedido 360 generado para Cliente 800,2025-10-25 23:38:10.627000000
361,Pedido 361 generado para Cliente 718,2025-10-25 23:38:10.670000000
362,Pedido 362 generado para Cliente 474,2025-10-25 23:38:10.697000000
363,Pedido 363 generado para Cliente 219,2025-10-25 23:38:10.740000000
364,Pedido 364 generado para Cliente 275,2025-10-25 23:38:10.800000000
365,Pedido 365 generado para Cliente 692,2025-10-25 23:38:10.847000000
366,Pedido 366 generado para Cliente 466,2025-10-25 23:38:10.883000000
367,Pedido 367 generado para Cliente 136,2025-10-25 23:38:10.913000000
368,Pedido 368 generado para Cliente 143,2025-10-25 23:38:10.957000000
369,Pedido 369 generado para Cliente 910,2025-10-25 23:38:11.007000000
370,Pedido 370 generado para Cliente 616,2025-10-25 23:38:11.040000000
371,Pedido 371 generado para Cliente 7,2025-10-25 23:38:11.070000000
372,Pedido 372 generado para Cliente 3,2025-10-25 23:38:11.097000000
373,Pedido 373 generado para Cliente 304,2025-10-25 23:38:11.130000000
374,Pedido 374 generado para Cliente 106,2025-10-25 23:38:11.163000000
375,Pedido 375 generado para Cliente 184,2025-10-25 23:38:11.190000000
376,Pedido 376 generado para Cliente 281,2025-10-25 23:38:11.220000000
377,Pedido 377 generado para Cliente 671,2025-10-25 23:38:11.260000000
378,Pedido 378 generado para Cliente 866,2025-10-25 23:38:11.297000000
379,Pedido 379 generado para Cliente 661,2025-10-25 23:38:11.353000000
380,Pedido 380 generado para Cliente 797,2025-10-25 23:38:11.390000000
381,Pedido 381 generado para Cliente 861,2025-10-25 23:38:11.437000000
382,Pedido 382 generado para Cliente 220,2025-10-25 23:38:11.493000000
383,Pedido 383 generado para Cliente 528,2025-10-25 23:38:11.530000000
384,Pedido 384 generado para Cliente 233,2025-10-25 23:38:11.560000000
385,Pedido 385 generado para Cliente 901,2025-10-25 23:38:11.613000000
386,Pedido 386 generado para Cliente 194,2025-10-25 23:38:11.650000000
387,Pedido 387 generado para Cliente 857,2025-10-25 23:38:11.713000000
388,Pedido 388 generado para Cliente 874,2025-10-25 23:38:11.770000000
389,Pedido 389 generado para Cliente 720,2025-10-25 23:38:11.807000000
390,Pedido 390 generado para Cliente 377,2025-10-25 23:38:11.857000000
391,Pedido 391 generado para Cliente 553,2025-10-25 23:38:11.900000000
392,Pedido 392 generado para Cliente 382,2025-10-25 23:38:11.937000000
393,Pedido 393 generado para Cliente 990,2025-10-25 23:38:11.973000000
394,Pedido 394 generado para Cliente 318,2025-10-25 23:38:12.010000000
395,Pedido 395 generado para Cliente 577,2025-10-25 23:38:12.050000000
396,Pedido 396 generado para Cliente 174,2025-10-25 23:38:12.093000000
397,Pedido 397 generado para Cliente 336,2025-10-25 23:38:12.133000000
398,Pedido 398 generado para Cliente 50,2025-10-25 23:38:12.197000000
399,Pedido 399 generado para Cliente 5,2025-10-25 23:38:12.240000000
400,Pedido 400 generado para Cliente 65,2025-10-25 23:38:12.330000000
401,Pedido 401 generado para Cliente 247,2025-10-25 23:38:12.380000000
402,Pedido 402 generado para Cliente 528,2025-10-25 23:38:12.427000000
403,Pedido 403 generado para Cliente 734,2025-10-25 23:38:12.453000000
404,Pedido 404 generado para Cliente 38,2025-10-25 23:38:12.493000000
405,Pedido 405 generado para Cliente 630,2025-10-25 23:38:12.513000000
406,Pedido 406 generado para Cliente 441,2025-10-25 23:38:12.553000000
407,Pedido 407 generado para Cliente 517,2025-10-25 23:38:12.600000000
408,Pedido 408 generado para Cliente 736,2025-10-25 23:38:12.643000000
409,Pedido 409 generado para Cliente 231,2025-10-25 23:38:12.693000000
410,Pedido 410 generado para Cliente 689,2025-10-25 23:38:12.740000000
411,Pedido 411 generado para Cliente 76,2025-10-25 23:38:12.780000000
412,Pedido 412 generado para Cliente 386,2025-10-25 23:38:12.803000000
413,Pedido 413 generado para Cliente 13,2025-10-25 23:38:12.840000000
414,Pedido 414 generado para Cliente 838,2025-10-25 23:38:13.120000000
415,Pedido 415 generado para Cliente 449,2025-10-25 23:38:13.357000000
416,Pedido 416 generado para Cliente 79,2025-10-25 23:38:13.630000000
417,Pedido 417 generado para Cliente 765,2025-10-25 23:38:14.190000000
418,Pedido 418 generado para Cliente 252,2025-10-25 23:38:14.497000000
419,Pedido 419 generado para Cliente 531,2025-10-25 23:38:14.817000000
420,Pedido 420 generado para Cliente 638,2025-10-25 23:38:15.297000000
421,Pedido 421 generado para Cliente 570,2025-10-25 23:38:15.540000000
422,Pedido 422 generado para Cliente 358,2025-10-25 23:38:15.643000000
423,Pedido 423 generado para Cliente 15,2025-10-25 23:38:15.717000000
424,Pedido 424 generado para Cliente 446,2025-10-25 23:38:15.770000000
425,Pedido 425 generado para Cliente 180,2025-10-25 23:38:15.810000000
426,Pedido 426 generado para Cliente 110,2025-10-25 23:38:15.850000000
427,Pedido 427 generado para Cliente 627,2025-10-25 23:38:15.880000000
428,Pedido 428 generado para Cliente 644,2025-10-25 23:38:15.917000000
429,Pedido 429 generado para Cliente 22,2025-10-25 23:38:15.967000000
430,Pedido 430 generado para Cliente 123,2025-10-25 23:38:16.013000000
431,Pedido 431 generado para Cliente 708,2025-10-25 23:38:16.053000000
432,Pedido 432 generado para Cliente 683,2025-10-25 23:38:16.110000000
433,Pedido 433 generado para Cliente 891,2025-10-25 23:38:16.153000000
434,Pedido 434 generado para Cliente 882,2025-10-25 23:38:16.183000000
435,Pedido 435 generado para Cliente 218,2025-10-25 23:38:16.210000000
436,Pedido 436 generado para Cliente 502,2025-10-25 23:38:16.250000000
437,Pedido 437 generado para Cliente 772,2025-10-25 23:38:16.290000000
438,Pedido 438 generado para Cliente 300,2025-10-25 23:38:16.317000000
439,Pedido 439 generado para Cliente 432,2025-10-25 23:38:16.347000000
440,Pedido 440 generado para Cliente 699,2025-10-25 23:38:16.383000000
441,Pedido 441 generado para Cliente 897,2025-10-25 23:38:16.427000000
442,Pedido 442 generado para Cliente 775,2025-10-25 23:38:16.447000000
443,Pedido 443 generado para Cliente 429,2025-10-25 23:38:16.473000000
444,Pedido 444 generado para Cliente 81,2025-10-25 23:38:16.510000000
445,Pedido 445 generado para Cliente 603,2025-10-25 23:38:16.540000000
446,Pedido 446 generado para Cliente 621,2025-10-25 23:38:16.570000000
447,Pedido 447 generado para Cliente 856,2025-10-25 23:38:16.603000000
448,Pedido 448 generado para Cliente 773,2025-10-25 23:38:16.637000000
449,Pedido 449 generado para Cliente 30,2025-10-25 23:38:16.673000000
450,Pedido 450 generado para Cliente 591,2025-10-25 23:38:16.707000000
451,Pedido 451 generado para Cliente 341,2025-10-25 23:38:16.743000000
452,Pedido 452 generado para Cliente 224,2025-10-25 23:38:16.773000000
453,Pedido 453 generado para Cliente 887,2025-10-25 23:38:16.810000000
454,Pedido 454 generado para Cliente 895,2025-10-25 23:38:16.833000000
455,Pedido 455 generado para Cliente 803,2025-10-25 23:38:16.870000000
456,Pedido 456 generado para Cliente 123,2025-10-25 23:38:16.893000000
457,Pedido 457 generado para Cliente 348,2025-10-25 23:38:16.920000000
458,Pedido 458 generado para Cliente 328,2025-10-25 23:38:16.943000000
459,Pedido 459 generado para Cliente 971,2025-10-25 23:38:16.973000000
460,Pedido 460 generado para Cliente 310,2025-10-25 23:38:17.003000000
461,Pedido 461 generado para Cliente 274,2025-10-25 23:38:17.027000000
462,Pedido 462 generado para Cliente 531,2025-10-25 23:38:17.063000000
463,Pedido 463 generado para Cliente 155,2025-10-25 23:38:17.100000000
464,Pedido 464 generado para Cliente 305,2025-10-25 23:38:17.123000000
465,Pedido 465 generado para Cliente 354,2025-10-25 23:38:17.157000000
466,Pedido 466 generado para Cliente 265,2025-10-25 23:38:17.200000000
467,Pedido 467 generado para Cliente 7,2025-10-25 23:38:17.230000000
468,Pedido 468 generado para Cliente 579,2025-10-25 23:38:17.273000000
469,Pedido 469 generado para Cliente 785,2025-10-25 23:38:17.313000000
470,Pedido 470 generado para Cliente 663,2025-10-25 23:38:17.343000000
471,Pedido 471 generado para Cliente 99,2025-10-25 23:38:17.360000000
472,Pedido 472 generado para Cliente 765,2025-10-25 23:38:17.403000000
473,Pedido 473 generado para Cliente 357,2025-10-25 23:38:17.457000000
474,Pedido 474 generado para Cliente 866,2025-10-25 23:38:17.500000000
475,Pedido 475 generado para Cliente 453,2025-10-25 23:38:17.527000000
476,Pedido 476 generado para Cliente 339,2025-10-25 23:38:17.583000000
477,Pedido 477 generado para Cliente 994,2025-10-25 23:38:17.637000000
478,Pedido 478 generado para Cliente 523,2025-10-25 23:38:17.683000000
479,Pedido 479 generado para Cliente 13,2025-10-25 23:38:17.740000000
480,Pedido 480 generado para Cliente 973,2025-10-25 23:38:17.787000000
481,Pedido 481 generado para Cliente 935,2025-10-25 23:38:17.813000000
482,Pedido 482 generado para Cliente 62,2025-10-25 23:38:17.840000000
483,Pedido 483 generado para Cliente 535,2025-10-25 23:38:17.867000000
484,Pedido 484 generado para Cliente 192,2025-10-25 23:38:17.903000000
485,Pedido 485 generado para Cliente 179,2025-10-25 23:38:17.927000000
486,Pedido 486 generado para Cliente 595,2025-10-25 23:38:17.957000000
487,Pedido 487 generado para Cliente 55,2025-10-25 23:38:17.990000000
488,Pedido 488 generado para Cliente 532,2025-10-25 23:38:18.020000000
489,Pedido 489 generado para Cliente 998,2025-10-25 23:38:18.043000000
490,Pedido 490 generado para Cliente 966,2025-10-25 23:38:18.077000000
491,Pedido 491 generado para Cliente 659,2025-10-25 23:38:18.107000000
492,Pedido 492 generado para Cliente 636,2025-10-25 23:38:18.137000000
493,Pedido 493 generado para Cliente 394,2025-10-25 23:38:18.157000000
494,Pedido 494 generado para Cliente 596,2025-10-25 23:38:18.180000000
495,Pedido 495 generado para Cliente 818,2025-10-25 23:38:18.217000000
496,Pedido 496 generado para Cliente 397,2025-10-25 23:38:18.247000000
497,Pedido 497 generado para Cliente 594,2025-10-25 23:38:18.277000000
498,Pedido 498 generado para Cliente 861,2025-10-25 23:38:18.317000000
499,Pedido 499 generado para Cliente 662,2025-10-25 23:38:18.340000000
500,Pedido 500 generado para Cliente 101,2025-10-25 23:38:18.367000000
501,Pedido 501 generado para Cliente 838,2025-10-25 23:38:18.390000000
502,Pedido 502 generado para Cliente 847,2025-10-25 23:38:18.413000000
503,Pedido 503 generado para Cliente 608,2025-10-25 23:38:16.943000000
504,Pedido 504 generado para Cliente 343,2025-10-25 23:38:16.970000000
505,Pedido 505 generado para Cliente 521,2025-10-25 23:38:17
506,Pedido 506 generado para Cliente 664,2025-10-25 23:38:17.023000000
507,Pedido 507 generado para Cliente 591,2025-10-25 23:38:17.057000000
508,Pedido 508 generado para Cliente 873,2025-10-25 23:38:17.077000000
509,Pedido 509 generado para Cliente 123,2025-10-25 23:38:17.100000000
510,Pedido 510 generado para Cliente 484,2025-10-25 23:38:17.133000000
511,Pedido 511 generado para Cliente 13,2025-10-25 23:38:17.160000000
512,Pedido 512 generado para Cliente 277,2025-10-25 23:38:17.190000000
513,Pedido 513 generado para Cliente 833,2025-10-25 23:38:17.217000000
514,Pedido 514 generado para Cliente 546,2025-10-25 23:38:17.240000000
515,Pedido 515 generado para Cliente 942,2025-10-25 23:38:17.267000000
516,Pedido 516 generado para Cliente 1000,2025-10-25 23:38:17.290000000
517,Pedido 517 generado para Cliente 672,2025-10-25 23:38:17.310000000
518,Pedido 518 generado para Cliente 310,2025-10-25 23:38:17.343000000
519,Pedido 519 generado para Cliente 426,2025-10-25 23:38:17.370000000
520,Pedido 520 generado para Cliente 259,2025-10-25 23:38:17.413000000
521,Pedido 521 generado para Cliente 935,2025-10-25 23:38:17.437000000
522,Pedido 522 generado para Cliente 553,2025-10-25 23:38:17.460000000
523,Pedido 523 generado para Cliente 151,2025-10-25 23:38:17.493000000
524,Pedido 524 generado para Cliente 404,2025-10-25 23:38:17.523000000
525,Pedido 525 generado para Cliente 209,2025-10-25 23:38:17.560000000
526,Pedido 526 generado para Cliente 915,2025-10-25 23:38:17.590000000
527,Pedido 527 generado para Cliente 433,2025-10-25 23:38:17.610000000
528,Pedido 528 generado para Cliente 474,2025-10-25 23:38:17.640000000
529,Pedido 529 generado para Cliente 872,2025-10-25 23:38:17.667000000
530,Pedido 530 generado para Cliente 432,2025-10-25 23:38:17.697000000
531,Pedido 531 generado para Cliente 910,2025-10-25 23:38:17.720000000
532,Pedido 532 generado para Cliente 485,2025-10-25 23:38:17.753000000
533,Pedido 533 generado para Cliente 708,2025-10-25 23:38:17.787000000
534,Pedido 534 generado para Cliente 999,2025-10-25 23:38:17.810000000
535,Pedido 535 generado para Cliente 828,2025-10-25 23:38:17.840000000
536,Pedido 536 generado para Cliente 213,2025-10-25 23:38:17.863000000
537,Pedido 537 generado para Cliente 830,2025-10-25 23:38:17.897000000
538,Pedido 538 generado para Cliente 720,2025-10-25 23:38:17.920000000
539,Pedido 539 generado para Cliente 156,2025-10-25 23:38:17.947000000
540,Pedido 540 generado para Cliente 303,2025-10-25 23:38:17.980000000
541,Pedido 541 generado para Cliente 147,2025-10-25 23:38:18.023000000
542,Pedido 542 generado para Cliente 240,2025-10-25 23:38:18.057000000
543,Pedido 543 generado para Cliente 735,2025-10-25 23:38:18.090000000
544,Pedido 544 generado para Cliente 612,2025-10-25 23:38:18.113000000
545,Pedido 545 generado para Cliente 15,2025-10-25 23:38:18.147000000
546,Pedido 546 generado para Cliente 590,2025-10-25 23:38:18.177000000
547,Pedido 547 generado para Cliente 202,2025-10-25 23:38:18.210000000
548,Pedido 548 generado para Cliente 200,2025-10-25 23:38:18.253000000
549,Pedido 549 generado para Cliente 48,2025-10-25 23:38:18.290000000
550,Pedido 550 generado para Cliente 670,2025-10-25 23:38:18.340000000
551,Pedido 551 generado para Cliente 148,2025-10-25 23:38:18.380000000
552,Pedido 552 generado para Cliente 357,2025-10-25 23:38:18.417000000
553,Pedido 553 generado para Cliente 566,2025-10-25 23:38:18.450000000
554,Pedido 554 generado para Cliente 556,2025-10-25 23:38:18.480000000
555,Pedido 555 generado para Cliente 622,2025-10-25 23:38:18.507000000
556,Pedido 556 generado para Cliente 401,2025-10-25 23:38:18.540000000
557,Pedido 557 generado para Cliente 975,2025-10-25 23:38:18.567000000
558,Pedido 558 generado para Cliente 32,2025-10-25 23:38:18.597000000
559,Pedido 559 generado para Cliente 727,2025-10-25 23:38:18.627000000
560,Pedido 560 generado para Cliente 127,2025-10-25 23:38:18.663000000
561,Pedido 561 generado para Cliente 519,2025-10-25 23:38:18.693000000
562,Pedido 562 generado para Cliente 876,2025-10-25 23:38:18.717000000
563,Pedido 563 generado para Cliente 196,2025-10-25 23:38:18.740000000
564,Pedido 564 generado para Cliente 390,2025-10-25 23:38:18.767000000
565,Pedido 565 generado para Cliente 459,2025-10-25 23:38:18.790000000
566,Pedido 566 generado para Cliente 595,2025-10-25 23:38:18.827000000
567,Pedido 567 generado para Cliente 55,2025-10-25 23:38:18.853000000
568,Pedido 568 generado para Cliente 183,2025-10-25 23:38:18.877000000
569,Pedido 569 generado para Cliente 759,2025-10-25 23:38:18.910000000
570,Pedido 570 generado para Cliente 761,2025-10-25 23:38:18.953000000
571,Pedido 571 generado para Cliente 715,2025-10-25 23:38:18.987000000
572,Pedido 572 generado para Cliente 608,2025-10-25 23:38:19.017000000
573,Pedido 573 generado para Cliente 414,2025-10-25 23:38:19.040000000
574,Pedido 574 generado para Cliente 832,2025-10-25 23:38:19.073000000
575,Pedido 575 generado para Cliente 573,2025-10-25 23:38:19.100000000
576,Pedido 576 generado para Cliente 3,2025-10-25 23:38:19.123000000
577,Pedido 577 generado para Cliente 949,2025-10-25 23:38:19.153000000
578,Pedido 578 generado para Cliente 411,2025-10-25 23:38:19.180000000
579,Pedido 579 generado para Cliente 8,2025-10-25 23:38:19.207000000
580,Pedido 580 generado para Cliente 890,2025-10-25 23:38:19.240000000
581,Pedido 581 generado para Cliente 255,2025-10-25 23:38:19.277000000
582,Pedido 582 generado para Cliente 210,2025-10-25 23:38:19.310000000
583,Pedido 583 generado para Cliente 827,2025-10-25 23:38:19.330000000
584,Pedido 584 generado para Cliente 352,2025-10-25 23:38:19.353000000
585,Pedido 585 generado para Cliente 625,2025-10-25 23:38:19.377000000
586,Pedido 586 generado para Cliente 64,2025-10-25 23:38:19.403000000
587,Pedido 587 generado para Cliente 115,2025-10-25 23:38:19.433000000
588,Pedido 588 generado para Cliente 743,2025-10-25 23:38:19.470000000
589,Pedido 589 generado para Cliente 168,2025-10-25 23:38:19.493000000
590,Pedido 590 generado para Cliente 963,2025-10-25 23:38:19.517000000
591,Pedido 591 generado para Cliente 51,2025-10-25 23:38:19.540000000
592,Pedido 592 generado para Cliente 179,2025-10-25 23:38:19.567000000
593,Pedido 593 generado para Cliente 707,2025-10-25 23:38:19.597000000
594,Pedido 594 generado para Cliente 604,2025-10-25 23:38:19.623000000
595,Pedido 595 generado para Cliente 704,2025-10-25 23:38:19.650000000
596,Pedido 596 generado para Cliente 903,2025-10-25 23:38:19.670000000
597,Pedido 597 generado para Cliente 263,2025-10-25 23:38:19.693000000
598,Pedido 598 generado para Cliente 56,2025-10-25 23:38:19.723000000
599,Pedido 599 generado para Cliente 943,2025-10-25 23:38:19.753000000
600,Pedido 600 generado para Cliente 492,2025-10-25 23:38:19.780000000
601,Pedido 601 generado para Cliente 729,2025-10-25 23:38:19.807000000
602,Pedido 602 generado para Cliente 415,2025-10-25 23:38:19.830000000
603,Pedido 603 generado para Cliente 848,2025-10-25 23:38:19.857000000
604,Pedido 604 generado para Cliente 944,2025-10-25 23:38:19.883000000
605,Pedido 605 generado para Cliente 909,2025-10-25 23:38:19.913000000
606,Pedido 606 generado para Cliente 798,2025-10-25 23:38:19.943000000
607,Pedido 607 generado para Cliente 216,2025-10-25 23:38:19.980000000
608,Pedido 608 generado para Cliente 952,2025-10-25 23:38:20.003000000
609,Pedido 609 generado para Cliente 833,2025-10-25 23:38:20.037000000
610,Pedido 610 generado para Cliente 656,2025-10-25 23:38:20.063000000
611,Pedido 611 generado para Cliente 273,2025-10-25 23:38:20.107000000
612,Pedido 612 generado para Cliente 194,2025-10-25 23:38:20.130000000
613,Pedido 613 generado para Cliente 997,2025-10-25 23:38:20.167000000
614,Pedido 614 generado para Cliente 148,2025-10-25 23:38:20.203000000
615,Pedido 615 generado para Cliente 864,2025-10-25 23:38:20.253000000
616,Pedido 616 generado para Cliente 446,2025-10-25 23:38:20.293000000
617,Pedido 617 generado para Cliente 478,2025-10-25 23:38:20.320000000
618,Pedido 618 generado para Cliente 632,2025-10-25 23:38:20.363000000
619,Pedido 619 generado para Cliente 743,2025-10-25 23:38:20.403000000
620,Pedido 620 generado para Cliente 191,2025-10-25 23:38:20.430000000
621,Pedido 621 generado para Cliente 295,2025-10-25 23:38:20.463000000
622,Pedido 622 generado para Cliente 910,2025-10-25 23:38:20.507000000
623,Pedido 623 generado para Cliente 638,2025-10-25 23:38:20.540000000
624,Pedido 624 generado para Cliente 857,2025-10-25 23:38:20.577000000
625,Pedido 625 generado para Cliente 948,2025-10-25 23:38:20.617000000
626,Pedido 626 generado para Cliente 457,2025-10-25 23:38:20.653000000
627,Pedido 627 generado para Cliente 177,2025-10-25 23:38:20.677000000
628,Pedido 628 generado para Cliente 251,2025-10-25 23:38:20.713000000
629,Pedido 629 generado para Cliente 331,2025-10-25 23:38:20.740000000
630,Pedido 630 generado para Cliente 603,2025-10-25 23:38:20.767000000
631,Pedido 631 generado para Cliente 59,2025-10-25 23:38:20.800000000
632,Pedido 632 generado para Cliente 321,2025-10-25 23:38:20.830000000
633,Pedido 633 generado para Cliente 44,2025-10-25 23:38:20.860000000
634,Pedido 634 generado para Cliente 677,2025-10-25 23:38:20.890000000
635,Pedido 635 generado para Cliente 476,2025-10-25 23:38:20.920000000
636,Pedido 636 generado para Cliente 235,2025-10-25 23:38:20.960000000
637,Pedido 637 generado para Cliente 881,2025-10-25 23:38:21.007000000
638,Pedido 638 generado para Cliente 729,2025-10-25 23:38:21.043000000
639,Pedido 639 generado para Cliente 127,2025-10-25 23:38:21.070000000
640,Pedido 640 generado para Cliente 149,2025-10-25 23:38:21.107000000
641,Pedido 641 generado para Cliente 847,2025-10-25 23:38:21.150000000
642,Pedido 642 generado para Cliente 977,2025-10-25 23:38:21.200000000
643,Pedido 643 generado para Cliente 753,2025-10-25 23:38:21.297000000
644,Pedido 644 generado para Cliente 678,2025-10-25 23:38:21.327000000
645,Pedido 645 generado para Cliente 272,2025-10-25 23:38:21.370000000
646,Pedido 646 generado para Cliente 897,2025-10-25 23:38:21.400000000
647,Pedido 647 generado para Cliente 488,2025-10-25 23:38:21.433000000
648,Pedido 648 generado para Cliente 66,2025-10-25 23:38:21.473000000
649,Pedido 649 generado para Cliente 351,2025-10-25 23:38:21.500000000
650,Pedido 650 generado para Cliente 950,2025-10-25 23:38:21.540000000
651,Pedido 651 generado para Cliente 474,2025-10-25 23:38:21.580000000
652,Pedido 652 generado para Cliente 640,2025-10-25 23:38:21.630000000
653,Pedido 653 generado para Cliente 235,2025-10-25 23:38:21.677000000
654,Pedido 654 generado para Cliente 836,2025-10-25 23:38:21.710000000
655,Pedido 655 generado para Cliente 762,2025-10-25 23:38:21.740000000
656,Pedido 656 generado para Cliente 825,2025-10-25 23:38:21.770000000
657,Pedido 657 generado para Cliente 558,2025-10-25 23:38:21.820000000
658,Pedido 658 generado para Cliente 466,2025-10-25 23:38:21.870000000
659,Pedido 659 generado para Cliente 182,2025-10-25 23:38:21.913000000
660,Pedido 660 generado para Cliente 923,2025-10-25 23:38:21.963000000
661,Pedido 661 generado para Cliente 478,2025-10-25 23:38:21.990000000
662,Pedido 662 generado para Cliente 560,2025-10-25 23:38:22.020000000
663,Pedido 663 generado para Cliente 215,2025-10-25 23:38:22.057000000
664,Pedido 664 generado para Cliente 239,2025-10-25 23:38:22.083000000
665,Pedido 665 generado para Cliente 637,2025-10-25 23:38:22.107000000
666,Pedido 666 generado para Cliente 799,2025-10-25 23:38:22.130000000
667,Pedido 667 generado para Cliente 296,2025-10-25 23:38:22.170000000
668,Pedido 668 generado para Cliente 116,2025-10-25 23:38:22.210000000
669,Pedido 669 generado para Cliente 208,2025-10-25 23:38:22.230000000
670,Pedido 670 generado para Cliente 375,2025-10-25 23:38:22.257000000
671,Pedido 671 generado para Cliente 626,2025-10-25 23:38:22.297000000
672,Pedido 672 generado para Cliente 290,2025-10-25 23:38:22.330000000
673,Pedido 673 generado para Cliente 733,2025-10-25 23:38:22.367000000
674,Pedido 674 generado para Cliente 191,2025-10-25 23:38:22.433000000
675,Pedido 675 generado para Cliente 179,2025-10-25 23:38:22.483000000
676,Pedido 676 generado para Cliente 931,2025-10-25 23:38:22.517000000
677,Pedido 677 generado para Cliente 880,2025-10-25 23:38:22.557000000
678,Pedido 678 generado para Cliente 140,2025-10-25 23:38:22.580000000
679,Pedido 679 generado para Cliente 61,2025-10-25 23:38:22.613000000
680,Pedido 680 generado para Cliente 484,2025-10-25 23:38:22.650000000
681,Pedido 681 generado para Cliente 299,2025-10-25 23:38:22.690000000
682,Pedido 682 generado para Cliente 659,2025-10-25 23:38:22.733000000
683,Pedido 683 generado para Cliente 307,2025-10-25 23:38:22.770000000
684,Pedido 684 generado para Cliente 441,2025-10-25 23:38:22.810000000
685,Pedido 685 generado para Cliente 851,2025-10-25 23:38:22.837000000
686,Pedido 686 generado para Cliente 932,2025-10-25 23:38:22.873000000
687,Pedido 687 generado para Cliente 652,2025-10-25 23:38:22.900000000
688,Pedido 688 generado para Cliente 600,2025-10-25 23:38:22.933000000
689,Pedido 689 generado para Cliente 815,2025-10-25 23:38:22.967000000
690,Pedido 690 generado para Cliente 700,2025-10-25 23:38:22.997000000
691,Pedido 691 generado para Cliente 129,2025-10-25 23:38:23.030000000
692,Pedido 692 generado para Cliente 591,2025-10-25 23:38:23.067000000
693,Pedido 693 generado para Cliente 849,2025-10-25 23:38:23.107000000
694,Pedido 694 generado para Cliente 774,2025-10-25 23:38:23.133000000
695,Pedido 695 generado para Cliente 329,2025-10-25 23:38:23.170000000
696,Pedido 696 generado para Cliente 290,2025-10-25 23:38:23.193000000
697,Pedido 697 generado para Cliente 48,2025-10-25 23:38:23.230000000
698,Pedido 698 generado para Cliente 631,2025-10-25 23:38:23.270000000
699,Pedido 699 generado para Cliente 116,2025-10-25 23:38:23.310000000
700,Pedido 700 generado para Cliente 537,2025-10-25 23:38:23.337000000
701,Pedido 701 generado para Cliente 438,2025-10-25 23:38:23.370000000
702,Pedido 702 generado para Cliente 204,2025-10-25 23:38:23.393000000
703,Pedido 703 generado para Cliente 377,2025-10-25 23:38:23.430000000
704,Pedido 704 generado para Cliente 19,2025-10-25 23:38:23.457000000
705,Pedido 705 generado para Cliente 47,2025-10-25 23:38:23.487000000
706,Pedido 706 generado para Cliente 534,2025-10-25 23:38:23.510000000
707,Pedido 707 generado para Cliente 728,2025-10-25 23:38:23.547000000
708,Pedido 708 generado para Cliente 218,2025-10-25 23:38:23.577000000
709,Pedido 709 generado para Cliente 332,2025-10-25 23:38:23.607000000
710,Pedido 710 generado para Cliente 445,2025-10-25 23:38:23.633000000
711,Pedido 711 generado para Cliente 122,2025-10-25 23:38:23.653000000
712,Pedido 712 generado para Cliente 471,2025-10-25 23:38:23.680000000
713,Pedido 713 generado para Cliente 540,2025-10-25 23:38:23.713000000
714,Pedido 714 generado para Cliente 491,2025-10-25 23:38:23.743000000
715,Pedido 715 generado para Cliente 453,2025-10-25 23:38:23.767000000
716,Pedido 716 generado para Cliente 243,2025-10-25 23:38:23.800000000
717,Pedido 717 generado para Cliente 676,2025-10-25 23:38:23.833000000
718,Pedido 718 generado para Cliente 618,2025-10-25 23:38:23.870000000
719,Pedido 719 generado para Cliente 416,2025-10-25 23:38:23.913000000
720,Pedido 720 generado para Cliente 188,2025-10-25 23:38:23.947000000
721,Pedido 721 generado para Cliente 220,2025-10-25 23:38:23.983000000
722,Pedido 722 generado para Cliente 985,2025-10-25 23:38:24.017000000
723,Pedido 723 generado para Cliente 226,2025-10-25 23:38:24.067000000
724,Pedido 724 generado para Cliente 7,2025-10-25 23:38:24.113000000
725,Pedido 725 generado para Cliente 528,2025-10-25 23:38:24.147000000
726,Pedido 726 generado para Cliente 17,2025-10-25 23:38:24.173000000
727,Pedido 727 generado para Cliente 627,2025-10-25 23:38:24.200000000
728,Pedido 728 generado para Cliente 365,2025-10-25 23:38:24.227000000
729,Pedido 729 generado para Cliente 699,2025-10-25 23:38:24.267000000
730,Pedido 730 generado para Cliente 982,2025-10-25 23:38:24.293000000
731,Pedido 731 generado para Cliente 772,2025-10-25 23:38:24.330000000
732,Pedido 732 generado para Cliente 9,2025-10-25 23:38:24.380000000
733,Pedido 733 generado para Cliente 459,2025-10-25 23:38:24.420000000
734,Pedido 734 generado para Cliente 208,2025-10-25 23:38:24.460000000
735,Pedido 735 generado para Cliente 866,2025-10-25 23:38:24.493000000
736,Pedido 736 generado para Cliente 753,2025-10-25 23:38:24.527000000
737,Pedido 737 generado para Cliente 146,2025-10-25 23:38:24.573000000
738,Pedido 738 generado para Cliente 644,2025-10-25 23:38:24.603000000
739,Pedido 739 generado para Cliente 523,2025-10-25 23:38:24.633000000
740,Pedido 740 generado para Cliente 943,2025-10-25 23:38:24.673000000
741,Pedido 741 generado para Cliente 708,2025-10-25 23:38:24.697000000
742,Pedido 742 generado para Cliente 483,2025-10-25 23:38:24.733000000
743,Pedido 743 generado para Cliente 366,2025-10-25 23:38:24.757000000
744,Pedido 744 generado para Cliente 831,2025-10-25 23:38:24.793000000
745,Pedido 745 generado para Cliente 634,2025-10-25 23:38:24.820000000
746,Pedido 746 generado para Cliente 113,2025-10-25 23:38:24.847000000
747,Pedido 747 generado para Cliente 813,2025-10-25 23:38:24.880000000
748,Pedido 748 generado para Cliente 11,2025-10-25 23:38:24.913000000
749,Pedido 749 generado para Cliente 854,2025-10-25 23:38:24.950000000
750,Pedido 750 generado para Cliente 285,2025-10-25 23:38:24.997000000
751,Pedido 751 generado para Cliente 396,2025-10-25 23:38:25.030000000
752,Pedido 752 generado para Cliente 572,2025-10-25 23:38:25.057000000
753,Pedido 753 generado para Cliente 653,2025-10-25 23:38:25.083000000
754,Pedido 754 generado para Cliente 420,2025-10-25 23:38:25.123000000
755,Pedido 755 generado para Cliente 83,2025-10-25 23:38:25.153000000
756,Pedido 756 generado para Cliente 610,2025-10-25 23:38:25.177000000
757,Pedido 757 generado para Cliente 532,2025-10-25 23:38:25.207000000
758,Pedido 758 generado para Cliente 485,2025-10-25 23:38:25.243000000
759,Pedido 759 generado para Cliente 838,2025-10-25 23:38:25.270000000
760,Pedido 760 generado para Cliente 775,2025-10-25 23:38:25.293000000
761,Pedido 761 generado para Cliente 939,2025-10-25 23:38:25.320000000
762,Pedido 762 generado para Cliente 842,2025-10-25 23:38:25.343000000
763,Pedido 763 generado para Cliente 159,2025-10-25 23:38:25.380000000
764,Pedido 764 generado para Cliente 740,2025-10-25 23:38:25.413000000
765,Pedido 765 generado para Cliente 254,2025-10-25 23:38:25.437000000
766,Pedido 766 generado para Cliente 724,2025-10-25 23:38:25.470000000
767,Pedido 767 generado para Cliente 158,2025-10-25 23:38:25.500000000
768,Pedido 768 generado para Cliente 875,2025-10-25 23:38:25.533000000
769,Pedido 769 generado para Cliente 142,2025-10-25 23:38:25.553000000
770,Pedido 770 generado para Cliente 673,2025-10-25 23:38:25.577000000
771,Pedido 771 generado para Cliente 895,2025-10-25 23:38:25.607000000
772,Pedido 772 generado para Cliente 860,2025-10-25 23:38:25.630000000
773,Pedido 773 generado para Cliente 740,2025-10-25 23:38:25.657000000
774,Pedido 774 generado para Cliente 787,2025-10-25 23:38:25.687000000
775,Pedido 775 generado para Cliente 455,2025-10-25 23:38:25.717000000
776,Pedido 776 generado para Cliente 808,2025-10-25 23:38:25.747000000
777,Pedido 777 generado para Cliente 204,2025-10-25 23:38:25.780000000
778,Pedido 778 generado para Cliente 258,2025-10-25 23:38:25.817000000
779,Pedido 779 generado para Cliente 490,2025-10-25 23:38:25.853000000
780,Pedido 780 generado para Cliente 178,2025-10-25 23:38:25.877000000
781,Pedido 781 generado para Cliente 433,2025-10-25 23:38:25.903000000
782,Pedido 782 generado para Cliente 721,2025-10-25 23:38:25.930000000
783,Pedido 783 generado para Cliente 137,2025-10-25 23:38:25.967000000
784,Pedido 784 generado para Cliente 172,2025-10-25 23:38:25.997000000
785,Pedido 785 generado para Cliente 841,2025-10-25 23:38:26.030000000
786,Pedido 786 generado para Cliente 365,2025-10-25 23:38:26.060000000
787,Pedido 787 generado para Cliente 954,2025-10-25 23:38:26.093000000
788,Pedido 788 generado para Cliente 93,2025-10-25 23:38:26.130000000
789,Pedido 789 generado para Cliente 935,2025-10-25 23:38:26.160000000
790,Pedido 790 generado para Cliente 259,2025-10-25 23:38:26.190000000
791,Pedido 791 generado para Cliente 341,2025-10-25 23:38:26.217000000
792,Pedido 792 generado para Cliente 67,2025-10-25 23:38:26.253000000
793,Pedido 793 generado para Cliente 721,2025-10-25 23:38:26.290000000
794,Pedido 794 generado para Cliente 102,2025-10-25 23:38:26.320000000
795,Pedido 795 generado para Cliente 471,2025-10-25 23:38:26.347000000
796,Pedido 796 generado para Cliente 852,2025-10-25 23:38:26.383000000
797,Pedido 797 generado para Cliente 172,2025-10-25 23:38:26.410000000
798,Pedido 798 generado para Cliente 758,2025-10-25 23:38:26.447000000
799,Pedido 799 generado para Cliente 988,2025-10-25 23:38:26.487000000
800,Pedido 800 generado para Cliente 918,2025-10-25 23:38:26.517000000
801,Pedido 801 generado para Cliente 968,2025-10-25 23:38:26.537000000
802,Pedido 802 generado para Cliente 867,2025-10-25 23:38:26.567000000
803,Pedido 803 generado para Cliente 566,2025-10-25 23:38:26.597000000
804,Pedido 804 generado para Cliente 294,2025-10-25 23:38:26.630000000
805,Pedido 805 generado para Cliente 860,2025-10-25 23:38:26.660000000
806,Pedido 806 generado para Cliente 84,2025-10-25 23:38:26.687000000
807,Pedido 807 generado para Cliente 165,2025-10-25 23:38:26.720000000
808,Pedido 808 generado para Cliente 69,2025-10-25 23:38:26.747000000
809,Pedido 809 generado para Cliente 565,2025-10-25 23:38:26.777000000
810,Pedido 810 generado para Cliente 551,2025-10-25 23:38:26.813000000
811,Pedido 811 generado para Cliente 982,2025-10-25 23:38:26.843000000
812,Pedido 812 generado para Cliente 88,2025-10-25 23:38:26.867000000
813,Pedido 813 generado para Cliente 354,2025-10-25 23:38:26.890000000
814,Pedido 814 generado para Cliente 750,2025-10-25 23:38:26.927000000
815,Pedido 815 generado para Cliente 706,2025-10-25 23:38:26.957000000
816,Pedido 816 generado para Cliente 413,2025-10-25 23:38:26.987000000
817,Pedido 817 generado para Cliente 758,2025-10-25 23:38:27.027000000
818,Pedido 818 generado para Cliente 507,2025-10-25 23:38:27.060000000
819,Pedido 819 generado para Cliente 704,2025-10-25 23:38:27.100000000
820,Pedido 820 generado para Cliente 807,2025-10-25 23:38:27.147000000
821,Pedido 821 generado para Cliente 531,2025-10-25 23:38:27.170000000
822,Pedido 822 generado para Cliente 461,2025-10-25 23:38:27.200000000
823,Pedido 823 generado para Cliente 525,2025-10-25 23:38:27.250000000
824,Pedido 824 generado para Cliente 990,2025-10-25 23:38:27.300000000
825,Pedido 825 generado para Cliente 467,2025-10-25 23:38:27.333000000
826,Pedido 826 generado para Cliente 546,2025-10-25 23:38:27.367000000
827,Pedido 827 generado para Cliente 509,2025-10-25 23:38:27.390000000
828,Pedido 828 generado para Cliente 403,2025-10-25 23:38:27.413000000
829,Pedido 829 generado para Cliente 744,2025-10-25 23:38:27.440000000
830,Pedido 830 generado para Cliente 434,2025-10-25 23:38:27.470000000
831,Pedido 831 generado para Cliente 928,2025-10-25 23:38:27.507000000
832,Pedido 832 generado para Cliente 646,2025-10-25 23:38:27.533000000
833,Pedido 833 generado para Cliente 902,2025-10-25 23:38:27.570000000
834,Pedido 834 generado para Cliente 398,2025-10-25 23:38:27.600000000
835,Pedido 835 generado para Cliente 350,2025-10-25 23:38:27.627000000
836,Pedido 836 generado para Cliente 751,2025-10-25 23:38:27.650000000
837,Pedido 837 generado para Cliente 558,2025-10-25 23:38:27.683000000
838,Pedido 838 generado para Cliente 450,2025-10-25 23:38:27.707000000
839,Pedido 839 generado para Cliente 193,2025-10-25 23:38:27.733000000
840,Pedido 840 generado para Cliente 908,2025-10-25 23:38:27.767000000
841,Pedido 841 generado para Cliente 294,2025-10-25 23:38:27.790000000
842,Pedido 842 generado para Cliente 829,2025-10-25 23:38:27.827000000
843,Pedido 843 generado para Cliente 93,2025-10-25 23:38:27.857000000
844,Pedido 844 generado para Cliente 552,2025-10-25 23:38:27.880000000
845,Pedido 845 generado para Cliente 686,2025-10-25 23:38:27.917000000
846,Pedido 846 generado para Cliente 979,2025-10-25 23:38:27.943000000
847,Pedido 847 generado para Cliente 539,2025-10-25 23:38:27.980000000
848,Pedido 848 generado para Cliente 539,2025-10-25 23:38:28.023000000
849,Pedido 849 generado para Cliente 953,2025-10-25 23:38:28.047000000
850,Pedido 850 generado para Cliente 814,2025-10-25 23:38:28.073000000
851,Pedido 851 generado para Cliente 813,2025-10-25 23:38:28.093000000
852,Pedido 852 generado para Cliente 171,2025-10-25 23:38:28.130000000
853,Pedido 853 generado para Cliente 65,2025-10-25 23:38:28.163000000
854,Pedido 854 generado para Cliente 242,2025-10-25 23:38:28.190000000
855,Pedido 855 generado para Cliente 695,2025-10-25 23:38:28.220000000
856,Pedido 856 generado para Cliente 211,2025-10-25 23:38:28.250000000
857,Pedido 857 generado para Cliente 913,2025-10-25 23:38:28.287000000
858,Pedido 858 generado para Cliente 13,2025-10-25 23:38:28.307000000
859,Pedido 859 generado para Cliente 955,2025-10-25 23:38:28.347000000
860,Pedido 860 generado para Cliente 38,2025-10-25 23:38:28.383000000
861,Pedido 861 generado para Cliente 998,2025-10-25 23:38:28.407000000
862,Pedido 862 generado para Cliente 2,2025-10-25 23:38:28.437000000
863,Pedido 863 generado para Cliente 236,2025-10-25 23:38:28.460000000
864,Pedido 864 generado para Cliente 81,2025-10-25 23:38:28.497000000
865,Pedido 865 generado para Cliente 783,2025-10-25 23:38:28.523000000
866,Pedido 866 generado para Cliente 486,2025-10-25 23:38:28.553000000
867,Pedido 867 generado para Cliente 369,2025-10-25 23:38:28.583000000
868,Pedido 868 generado para Cliente 729,2025-10-25 23:38:28.607000000
869,Pedido 869 generado para Cliente 483,2025-10-25 23:38:28.633000000
870,Pedido 870 generado para Cliente 2,2025-10-25 23:38:28.670000000
871,Pedido 871 generado para Cliente 476,2025-10-25 23:38:28.703000000
872,Pedido 872 generado para Cliente 726,2025-10-25 23:38:28.727000000
873,Pedido 873 generado para Cliente 394,2025-10-25 23:38:28.750000000
874,Pedido 874 generado para Cliente 788,2025-10-25 23:38:28.787000000
875,Pedido 875 generado para Cliente 184,2025-10-25 23:38:28.820000000
876,Pedido 876 generado para Cliente 127,2025-10-25 23:38:28.843000000
877,Pedido 877 generado para Cliente 603,2025-10-25 23:38:28.877000000
878,Pedido 878 generado para Cliente 348,2025-10-25 23:38:28.913000000
879,Pedido 879 generado para Cliente 923,2025-10-25 23:38:28.943000000
880,Pedido 880 generado para Cliente 382,2025-10-25 23:38:28.967000000
881,Pedido 881 generado para Cliente 913,2025-10-25 23:38:28.993000000
882,Pedido 882 generado para Cliente 774,2025-10-25 23:38:29.030000000
883,Pedido 883 generado para Cliente 782,2025-10-25 23:38:29.057000000
884,Pedido 884 generado para Cliente 772,2025-10-25 23:38:29.090000000
885,Pedido 885 generado para Cliente 648,2025-10-25 23:38:29.127000000
886,Pedido 886 generado para Cliente 489,2025-10-25 23:38:29.150000000
887,Pedido 887 generado para Cliente 486,2025-10-25 23:38:29.173000000
888,Pedido 888 generado para Cliente 411,2025-10-25 23:38:29.200000000
889,Pedido 889 generado para Cliente 198,2025-10-25 23:38:29.230000000
890,Pedido 890 generado para Cliente 924,2025-10-25 23:38:29.257000000
891,Pedido 891 generado para Cliente 797,2025-10-25 23:38:29.280000000
892,Pedido 892 generado para Cliente 683,2025-10-25 23:38:29.327000000
893,Pedido 893 generado para Cliente 196,2025-10-25 23:38:29.353000000
894,Pedido 894 generado para Cliente 418,2025-10-25 23:38:29.387000000
895,Pedido 895 generado para Cliente 215,2025-10-25 23:38:29.430000000
896,Pedido 896 generado para Cliente 231,2025-10-25 23:38:29.453000000
897,Pedido 897 generado para Cliente 698,2025-10-25 23:38:29.487000000
898,Pedido 898 generado para Cliente 416,2025-10-25 23:38:29.517000000
899,Pedido 899 generado para Cliente 955,2025-10-25 23:38:29.560000000
900,Pedido 900 generado para Cliente 82,2025-10-25 23:38:29.600000000
901,Pedido 901 generado para Cliente 204,2025-10-25 23:38:29.637000000
902,Pedido 902 generado para Cliente 176,2025-10-25 23:38:29.670000000
903,Pedido 903 generado para Cliente 85,2025-10-25 23:38:29.737000000
904,Pedido 904 generado para Cliente 753,2025-10-25 23:38:29.777000000
905,Pedido 905 generado para Cliente 844,2025-10-25 23:38:29.813000000
906,Pedido 906 generado para Cliente 801,2025-10-25 23:38:29.867000000
907,Pedido 907 generado para Cliente 707,2025-10-25 23:38:29.920000000
908,Pedido 908 generado para Cliente 609,2025-10-25 23:38:29.963000000
909,Pedido 909 generado para Cliente 92,2025-10-25 23:38:30.003000000
910,Pedido 910 generado para Cliente 964,2025-10-25 23:38:30.033000000
911,Pedido 911 generado para Cliente 991,2025-10-25 23:38:30.067000000
912,Pedido 912 generado para Cliente 283,2025-10-25 23:38:30.090000000
913,Pedido 913 generado para Cliente 994,2025-10-25 23:38:30.120000000
914,Pedido 914 generado para Cliente 516,2025-10-25 23:38:30.157000000
915,Pedido 915 generado para Cliente 732,2025-10-25 23:38:30.193000000
916,Pedido 916 generado para Cliente 100,2025-10-25 23:38:30.233000000
917,Pedido 917 generado para Cliente 824,2025-10-25 23:38:30.270000000
918,Pedido 918 generado para Cliente 795,2025-10-25 23:38:30.303000000
919,Pedido 919 generado para Cliente 359,2025-10-25 23:38:30.343000000
920,Pedido 920 generado para Cliente 747,2025-10-25 23:38:30.380000000
921,Pedido 921 generado para Cliente 169,2025-10-25 23:38:30.413000000
922,Pedido 922 generado para Cliente 302,2025-10-25 23:38:30.437000000
923,Pedido 923 generado para Cliente 880,2025-10-25 23:38:30.473000000
924,Pedido 924 generado para Cliente 670,2025-10-25 23:38:30.503000000
925,Pedido 925 generado para Cliente 264,2025-10-25 23:38:30.530000000
926,Pedido 926 generado para Cliente 193,2025-10-25 23:38:30.563000000
927,Pedido 927 generado para Cliente 700,2025-10-25 23:38:30.597000000
928,Pedido 928 generado para Cliente 892,2025-10-25 23:38:30.640000000
929,Pedido 929 generado para Cliente 26,2025-10-25 23:38:30.667000000
930,Pedido 930 generado para Cliente 96,2025-10-25 23:38:30.690000000
931,Pedido 931 generado para Cliente 187,2025-10-25 23:38:30.727000000
932,Pedido 932 generado para Cliente 596,2025-10-25 23:38:30.767000000
933,Pedido 933 generado para Cliente 996,2025-10-25 23:38:30.807000000
934,Pedido 934 generado para Cliente 435,2025-10-25 23:38:30.833000000
935,Pedido 935 generado para Cliente 757,2025-10-25 23:38:30.863000000
936,Pedido 936 generado para Cliente 451,2025-10-25 23:38:30.903000000
937,Pedido 937 generado para Cliente 584,2025-10-25 23:38:30.927000000
938,Pedido 938 generado para Cliente 816,2025-10-25 23:38:30.970000000
939,Pedido 939 generado para Cliente 956,2025-10-25 23:38:31.010000000
940,Pedido 940 generado para Cliente 139,2025-10-25 23:38:31.040000000
941,Pedido 941 generado para Cliente 533,2025-10-25 23:38:31.073000000
942,Pedido 942 generado para Cliente 458,2025-10-25 23:38:31.107000000
943,Pedido 943 generado para Cliente 133,2025-10-25 23:38:31.140000000
944,Pedido 944 generado para Cliente 743,2025-10-25 23:38:31.170000000
945,Pedido 945 generado para Cliente 914,2025-10-25 23:38:31.197000000
946,Pedido 946 generado para Cliente 934,2025-10-25 23:38:31.230000000
947,Pedido 947 generado para Cliente 474,2025-10-25 23:38:31.270000000
948,Pedido 948 generado para Cliente 165,2025-10-25 23:38:31.303000000
949,Pedido 949 generado para Cliente 118,2025-10-25 23:38:31.337000000
950,Pedido 950 generado para Cliente 877,2025-10-25 23:38:31.360000000
951,Pedido 951 generado para Cliente 802,2025-10-25 23:38:31.397000000
952,Pedido 952 generado para Cliente 416,2025-10-25 23:38:31.440000000
953,Pedido 953 generado para Cliente 169,2025-10-25 23:38:31.477000000
954,Pedido 954 generado para Cliente 744,2025-10-25 23:38:31.520000000
955,Pedido 955 generado para Cliente 20,2025-10-25 23:38:31.580000000
956,Pedido 956 generado para Cliente 685,2025-10-25 23:38:31.620000000
957,Pedido 957 generado para Cliente 109,2025-10-25 23:38:31.667000000
958,Pedido 958 generado para Cliente 201,2025-10-25 23:38:31.770000000
959,Pedido 959 generado para Cliente 252,2025-10-25 23:38:31.830000000
960,Pedido 960 generado para Cliente 322,2025-10-25 23:38:31.893000000
961,Pedido 961 generado para Cliente 666,2025-10-25 23:38:31.970000000
962,Pedido 962 generado para Cliente 263,2025-10-25 23:38:32.050000000
963,Pedido 963 generado para Cliente 758,2025-10-25 23:38:32.130000000
964,Pedido 964 generado para Cliente 93,2025-10-25 23:38:32.163000000
965,Pedido 965 generado para Cliente 994,2025-10-25 23:38:32.197000000
966,Pedido 966 generado para Cliente 457,2025-10-25 23:38:32.217000000
967,Pedido 967 generado para Cliente 766,2025-10-25 23:38:32.247000000
968,Pedido 968 generado para Cliente 956,2025-10-25 23:38:32.280000000
969,Pedido 969 generado para Cliente 282,2025-10-25 23:38:32.303000000
970,Pedido 970 generado para Cliente 6,2025-10-25 23:38:32.343000000
971,Pedido 971 generado para Cliente 743,2025-10-25 23:38:32.383000000
972,Pedido 972 generado para Cliente 697,2025-10-25 23:38:32.410000000
973,Pedido 973 generado para Cliente 567,2025-10-25 23:38:32.437000000
974,Pedido 974 generado para Cliente 90,2025-10-25 23:38:32.477000000
975,Pedido 975 generado para Cliente 738,2025-10-25 23:38:32.517000000
976,Pedido 976 generado para Cliente 474,2025-10-25 23:38:32.557000000
977,Pedido 977 generado para Cliente 368,2025-10-25 23:38:32.580000000
978,Pedido 978 generado para Cliente 690,2025-10-25 23:38:32.610000000
979,Pedido 979 generado para Cliente 131,2025-10-25 23:38:32.633000000
980,Pedido 980 generado para Cliente 742,2025-10-25 23:38:32.667000000
981,Pedido 981 generado para Cliente 707,2025-10-25 23:38:32.700000000
982,Pedido 982 generado para Cliente 212,2025-10-25 23:38:32.737000000
983,Pedido 983 generado para Cliente 853,2025-10-25 23:38:32.767000000
984,Pedido 984 generado para Cliente 232,2025-10-25 23:38:32.810000000
985,Pedido 985 generado para Cliente 606,2025-10-25 23:38:32.850000000
986,Pedido 986 generado para Cliente 43,2025-10-25 23:38:32.887000000
987,Pedido 987 generado para Cliente 347,2025-10-25 23:38:32.917000000
988,Pedido 988 generado para Cliente 758,2025-10-25 23:38:32.957000000
989,Pedido 989 generado para Cliente 492,2025-10-25 23:38:32.987000000
990,Pedido 990 generado para Cliente 872,2025-10-25 23:38:33.033000000
991,Pedido 991 generado para Cliente 256,2025-10-25 23:38:33.073000000
992,Pedido 992 generado para Cliente 135,2025-10-25 23:38:33.100000000
993,Pedido 993 generado para Cliente 549,2025-10-25 23:38:33.147000000
994,Pedido 994 generado para Cliente 428,2025-10-25 23:38:33.177000000
995,Pedido 995 generado para Cliente 595,2025-10-25 23:38:33.240000000
996,Pedido 996 generado para Cliente 29,2025-10-25 23:38:33.273000000
997,Pedido 997 generado para Cliente 877,2025-10-25 23:38:33.320000000
998,Pedido 998 generado para Cliente 6,2025-10-25 23:38:33.350000000
999,Pedido 999 generado para Cliente 281,2025-10-25 23:38:33.377000000
1000,Pedido 1000 generado para Cliente 954,2025-10-25 23:38:33.407000000
