id_cliente,nombre_cliente,email,telefono,puntos
1,Cliente_1,cliente1@mail.com,0000000001,394
2,Cliente_2,cliente2@mail.com,0000000002,212
3,Cliente_3,cliente3@mail.com,0000000003,290
4,Cliente_4,cliente4@mail.com,0000000004,240
5,Cliente_5,cliente5@mail.com,0000000005,332
6,Cliente_6,cliente6@mail.com,0000000006,552
7,Cliente_7,cliente7@mail.com,0000000007,443
8,Cliente_8,cliente8@mail.com,0000000008,506
9,Cliente_9,cliente9@mail.com,0000000009,457
10,Cliente_10,cliente10@mail.com,0000000010,499
11,Cliente_11,cliente11@mail.com,0000000011,351
12,Cliente_12,cliente12@mail.com,0000000012,447
13,Cliente_13,cliente13@mail.com,0000000013,255
14,Cliente_14,cliente14@mail.com,0000000014,52
15,Cliente_15,cliente15@mail.com,0000000015,323
16,Cliente_16,cliente16@mail.com,0000000016,195
17,Cliente_17,cliente17@mail.com,0000000017,273
18,Cliente_18,cliente18@mail.com,0000000018,431
19,Cliente_19,cliente19@mail.com,0000000019,156
20,Cliente_20,cliente20@mail.com,0000000020,541
21,Cliente_21,cliente21@mail.com,0000000021,241
22,Cliente_22,cliente22@mail.com,0000000022,203
23,Cliente_23,cliente23@mail.com,0000000023,268
24,Cliente_24,cliente24@mail.com,0000000024,488
25,Cliente_25,cliente25@mail.com,0000000025,213
26,Cliente_26,cliente26@mail.com,0000000026,520
27,Cliente_27,cliente27@mail.com,0000000027,364
28,Cliente_28,cliente28@mail.com,0000000028,484
29,Cliente_29,cliente29@mail.com,0000000029,269
30,Cliente_30,cliente30@mail.com,0000000030,322
31,Cliente_31,cliente31@mail.com,0000000031,459
32,Cliente_32,cliente32@mail.com,0000000032,226
33,Cliente_33,cliente33@mail.com,0000000033,161
34,Cliente_34,cliente34@mail.com,0000000034,368
35,Cliente_35,cliente35@mail.com,0000000035,472
36,Cliente_36,cliente36@mail.com,0000000036,470
37,Cliente_37,cliente37@mail.com,0000000037,454
38,Cliente_38,cliente38@mail.com,0000000038,545
39,Cliente_39,cliente39@mail.com,0000000039,406
40,Cliente_40,cliente40@mail.com,0000000040,287
41,Cliente_41,cliente41@mail.com,0000000041,278
42,Cliente_42,cliente42@mail.com,0000000042,132
43,Cliente_43,cliente43@mail.com,0000000043,530
44,Cliente_44,cliente44@mail.com,0000000044,203
45,Cliente_45,cliente45@mail.com,0000000045,331
46,Cliente_46,cliente46@mail.com,0000000046,12
47,Cliente_47,cliente47@mail.com,0000000047,501
48,Cliente_48,cliente48@mail.com,0000000048,503
49,Cliente_49,cliente49@mail.com,0000000049,93
50,Cliente_50,cliente50@mail.com,0000000050,231
51,Cliente_51,cliente51@mail.com,0000000051,89
52,Cliente_52,cliente52@mail.com,0000000052,468
53,Cliente_53,cliente53@mail.com,0000000053,326
54,Cliente_54,cliente54@mail.com,0000000054,106
55,Cliente_55,cliente55@mail.com,0000000055,405
56,Cliente_56,cliente56@mail.com,0000000056,120
57,Cliente_57,cliente57@mail.com,0000000057,390
58,Cliente_58,cliente58@mail.com,0000000058,79
59,Cliente_59,cliente59@mail.com,0000000059,44
60,Cliente_60,cliente60@mail.com,0000000060,321
61,Cliente_61,cliente61@mail.com,0000000061,94
62,Cliente_62,cliente62@mail.com,0000000062,104
63,Cliente_63,cliente63@mail.com,0000000063,439
64,Cliente_64,cliente64@mail.com,0000000064,239
65,Cliente_65,cliente65@mail.com,0000000065,511
66,Cliente_66,cliente66@mail.com,0000000066,361
67,Cliente_67,cliente67@mail.com,0000000067,299
68,Cliente_68,cliente68@mail.com,0000000068,128
69,Cliente_69,cliente69@mail.com,0000000069,326
70,Cliente_70,cliente70@mail.com,0000000070,299
71,Cliente_71,cliente71@mail.com,0000000071,364
72,Cliente_72,cliente72@mail.com,0000000072,339
73,Cliente_73,cliente73@mail.com,0000000073,337
74,Cliente_74,cliente74@mail.com,0000000074,256
75,Cliente_75,cliente75@mail.com,0000000075,403
76,Cliente_76,cliente76@mail.com,0000000076,460
77,Cliente_77,cliente77@mail.com,0000000077,10
78,Cliente_78,cliente78@mail.com,0000000078,428
79,Cliente_79,cliente79@mail.com,0000000079,513
80,Cliente_80,cliente80@mail.com,0000000080,178
81,Cliente_81,cliente81@mail.com,0000000081,270
82,Cliente_82,cliente82@mail.com,0000000082,143
83,Cliente_83,cliente83@mail.com,0000000083,222
84,Cliente_84,cliente84@mail.com,0000000084,468
85,Cliente_85,cliente85@mail.com,0000000085,388
86,Cliente_86,cliente86@mail.com,0000000086,304
87,Cliente_87,cliente87@mail.com,0000000087,182
88,Cliente_88,cliente88@mail.com,0000000088,478
89,Cliente_89,cliente89@mail.com,0000000089,182
90,Cliente_90,cliente90@mail.com,0000000090,371
91,Cliente_91,cliente91@mail.com,0000000091,68
92,Cliente_92,cliente92@mail.com,0000000092,121
93,Cliente_93,cliente93@mail.com,0000000093,221
94,Cliente_94,cliente94@mail.com,0000000094,227
95,Cliente_95,cliente95@mail.com,0000000095,285
96,Cliente_96,cliente96@mail.com,0000000096,298
97,Cliente_97,cliente97@mail.com,0000000097,261
98,Cliente_98,cliente98@mail.com,0000000098,178
99,Cliente_99,cliente99@mail.com,0000000099,210
100,Cliente_100,cliente100@mail.com,0000000100,278
101,Cliente_101,cliente101@mail.com,0000000101,271
102,Cliente_102,cliente102@mail.com,0000000102,345
103,Cliente_103,cliente103@mail.com,0000000103,348
104,Cliente_104,cliente104@mail.com,0000000104,489
105,Cliente_105,cliente105@mail.com,0000000105,395
106,Cliente_106,cliente106@mail.com,0000000106,42
107,Cliente_107,cliente107@mail.com,0000000107,493
108,Cliente_108,cliente108@mail.com,0000000108,161
109,Cliente_109,cliente109@mail.com,0000000109,443
110,Cliente_110,cliente110@mail.com,0000000110,507
111,Cliente_111,cliente111@mail.com,0000000111,516
112,Cliente_112,cliente112@mail.com,0000000112,268
113,Cliente_113,cliente113@mail.com,0000000113,426
114,Cliente_114,cliente114@mail.com,0000000114,279
115,Cliente_115,cliente115@mail.com,0000000115,80
116,Cliente_116,cliente116@mail.com,0000000116,173
117,Cliente_117,cliente117@mail.com,0000000117,113
118,Cliente_118,cliente118@mail.com,0000000118,300
119,Cliente_119,cliente119@mail.com,0000000119,266
120,Cliente_120,cliente120@mail.com,0000000120,40
121,Cliente_121,cliente121@mail.com,0000000121,439
122,Cliente_122,cliente122@mail.com,0000000122,234
123,Cliente_123,cliente123@mail.com,0000000123,232
124,Cliente_124,cliente124@mail.com,0000000124,24
125,Cliente_125,cliente125@mail.com,0000000125,45
126,Cliente_126,cliente126@mail.com,0000000126,268
127,Cliente_127,cliente127@mail.com,0000000127,582
128,Cliente_128,cliente128@mail.com,0000000128,459
129,Cliente_129,cliente129@mail.com,0000000129,526
130,Cliente_130,cliente130@mail.com,0000000130,470
131,Cliente_131,cliente131@mail.com,0000000131,490
132,Cliente_132,cliente132@mail.com,0000000132,456
133,Cliente_133,cliente133@mail.com,0000000133,408
134,Cliente_134,cliente134@mail.com,0000000134,196
135,Cliente_135,cliente135@mail.com,0000000135,510
136,Cliente_136,cliente136@mail.com,0000000136,150
137,Cliente_137,cliente137@mail.com,0000000137,245
138,Cliente_138,cliente138@mail.com,0000000138,217
139,Cliente_139,cliente139@mail.com,0000000139,147
140,Cliente_140,cliente140@mail.com,0000000140,146
141,Cliente_141,cliente141@mail.com,0000000141,311
142,Cliente_142,cliente142@mail.com,0000000142,347
143,Cliente_143,cliente143@mail.com,0000000143,356
144,Cliente_144,cliente144@mail.com,0000000144,140
145,Cliente_145,cliente145@mail.com,0000000145,282
146,Cliente_146,cliente146@mail.com,0000000146,261
147,Cliente_147,cliente147@mail.com,0000000147,214
148,Cliente_148,cliente148@mail.com,0000000148,431
149,Cliente_149,cliente149@mail.com,0000000149,58
150,Cliente_150,cliente150@mail.com,0000000150,106
151,Cliente_151,cliente151@mail.com,0000000151,282
152,Cliente_152,cliente152@mail.com,0000000152,203
153,Cliente_153,cliente153@mail.com,0000000153,150
154,Cliente_154,cliente154@mail.com,0000000154,144
155,Cliente_155,cliente155@mail.com,0000000155,94
156,Cliente_156,cliente156@mail.com,0000000156,209
157,Cliente_157,cliente157@mail.com,0000000157,37
158,Cliente_158,cliente158@mail.com,0000000158,523
159,Cliente_159,cliente159@mail.com,0000000159,566
160,Cliente_160,cliente160@mail.com,0000000160,101
161,Cliente_161,cliente161@mail.com,0000000161,196
162,Cliente_162,cliente162@mail.com,0000000162,57
163,Cliente_163,cliente163@mail.com,0000000163,577
164,Cliente_164,cliente164@mail.com,0000000164,404
165,Cliente_165,cliente165@mail.com,0000000165,140
166,Cliente_166,cliente166@mail.com,0000000166,208
167,Cliente_167,cliente167@mail.com,0000000167,368
168,Cliente_168,cliente168@mail.com,0000000168,484
169,Cliente_169,cliente169@mail.com,0000000169,60
170,Cliente_170,cliente170@mail.com,0000000170,140
171,Cliente_171,cliente171@mail.com,0000000171,40
172,Cliente_172,cliente172@mail.com,0000000172,333
173,Cliente_173,cliente173@mail.com,0000000173,299
174,Cliente_174,cliente174@mail.com,0000000174,116
175,Cliente_175,cliente175@mail.com,0000000175,6
176,Cliente_176,cliente176@mail.com,0000000176,403
177,Cliente_177,cliente177@mail.com,0000000177,158
178,Cliente_178,cliente178@mail.com,0000000178,278
179,Cliente_179,cliente179@mail.com,0000000179,348
180,Cliente_180,cliente180@mail.com,0000000180,172
181,Cliente_181,cliente181@mail.com,0000000181,118
182,Cliente_182,cliente182@mail.com,0000000182,289
183,Cliente_183,cliente183@mail.com,0000000183,262
184,Cliente_184,cliente184@mail.com,0000000184,370
185,Cliente_185,cliente185@mail.com,0000000185,351
186,Cliente_186,cliente186@mail.com,0000000186,266
187,Cliente_187,cliente187@mail.com,0000000187,300
188,Cliente_188,cliente188@mail.com,0000000188,417
189,Cliente_189,cliente189@mail.com,0000000189,413
190,Cliente_190,cliente190@mail.com,0000000190,171
191,Cliente_191,cliente191@mail.com,0000000191,373
192,Cliente_192,cliente192@mail.com,0000000192,130
193,Cliente_193,cliente193@mail.com,0000000193,349
194,Cliente_194,cliente194@mail.com,0000000194,407
195,Cliente_195,cliente195@mail.com,0000000195,175
196,Cliente_196,cliente196@mail.com,0000000196,236
197,Cliente_197,cliente197@mail.com,0000000197,419
198,Cliente_198,cliente198@mail.com,0000000198,318
199,Cliente_199,cliente199@mail.com,0000000199,385
200,Cliente_200,cliente200@mail.com,0000000200,64
201,Cliente_201,cliente201@mail.com,0000000201,354
202,Cliente_202,cliente202@mail.com,0000000202,265
203,Cliente_203,cliente203@mail.com,0000000203,49
204,Cliente_204,cliente204@mail.com,0000000204,408
205,Cliente_205,cliente205@mail.com,0000000205,21
206,Cliente_206,cliente206@mail.com,0000000206,134
207,Cliente_207,cliente207@mail.com,0000000207,103
208,Cliente_208,cliente208@mail.com,0000000208,283
209,Cliente_209,cliente209@mail.com,0000000209,65
210,Cliente_210,cliente210@mail.com,0000000210,332
211,Cliente_211,cliente211@mail.com,0000000211,207
212,Cliente_212,cliente212@mail.com,0000000212,188
213,Cliente_213,cliente213@mail.com,0000000213,45
214,Cliente_214,cliente214@mail.com,0000000214,469
215,Cliente_215,cliente215@mail.com,0000000215,369
216,Cliente_216,cliente216@mail.com,0000000216,122
217,Cliente_217,cliente217@mail.com,0000000217,370
218,Cliente_218,cliente218@mail.com,0000000218,120
219,Cliente_219,cliente219@mail.com,0000000219,275
220,Cliente_220,cliente220@mail.com,0000000220,337
221,Cliente_221,cliente221@mail.com,0000000221,99
222,Cliente_222,cliente222@mail.com,0000000222,295
223,Cliente_223,cliente223@mail.com,0000000223,139
224,Cliente_224,cliente224@mail.com,0000000224,367
225,Cliente_225,cliente225@mail.com,0000000225,300
226,Cliente_226,cliente226@mail.com,0000000226,380
227,Cliente_227,cliente227@mail.com,0000000227,575
228,Cliente_228,cliente228@mail.com,0000000228,184
229,Cliente_229,cliente229@mail.com,0000000229,285
230,Cliente_230,cliente230@mail.com,0000000230,211
231,Cliente_231,cliente231@mail.com,0000000231,403
232,Cliente_232,cliente232@mail.com,0000000232,308
233,Cliente_233,cliente233@mail.com,0000000233,162
234,Cliente_234,cliente234@mail.com,0000000234,419
235,Cliente_235,cliente235@mail.com,0000000235,131
236,Cliente_236,cliente236@mail.com,0000000236,155
237,Cliente_237,cliente237@mail.com,0000000237,215
238,Cliente_238,cliente238@mail.com,0000000238,89
239,Cliente_239,cliente239@mail.com,0000000239,196
240,Cliente_240,cliente240@mail.com,0000000240,409
241,Cliente_241,cliente241@mail.com,0000000241,372
242,Cliente_242,cliente242@mail.com,0000000242,185
243,Cliente_243,cliente243@mail.com,0000000243,227
244,Cliente_244,cliente244@mail.com,0000000244,535
245,Cliente_245,cliente245@mail.com,0000000245,92
246,Cliente_246,cliente246@mail.com,0000000246,285
247,Cliente_247,cliente247@mail.com,0000000247,259
248,Cliente_248,cliente248@mail.com,0000000248,25
249,Cliente_249,cliente249@mail.com,0000000249,26
250,Cliente_250,cliente250@mail.com,0000000250,486
251,Cliente_251,cliente251@mail.com,0000000251,332
252,Cliente_252,cliente252@mail.com,0000000252,391
253,Cliente_253,cliente253@mail.com,0000000253,157
254,Cliente_254,cliente254@mail.com,0000000254,451
255,Cliente_255,cliente255@mail.com,0000000255,271
256,Cliente_256,cliente256@mail.com,0000000256,175
257,Cliente_257,cliente257@mail.com,0000000257,25
258,Cliente_258,cliente258@mail.com,0000000258,63
259,Cliente_259,cliente259@mail.com,0000000259,265
260,Cliente_260,cliente260@mail.com,0000000260,95
261,Cliente_261,cliente261@mail.com,0000000261,123
262,Cliente_262,cliente262@mail.com,0000000262,174
263,Cliente_263,cliente263@mail.com,0000000263,152
264,Cliente_264,cliente264@mail.com,0000000264,60
265,Cliente_265,cliente265@mail.com,0000000265,87
266,Cliente_266,cliente266@mail.com,0000000266,229
267,Cliente_267,cliente267@mail.com,0000000267,208
268,Cliente_268,cliente268@mail.com,0000000268,410
269,Cliente_269,cliente269@mail.com,0000000269,196
270,Cliente_270,cliente270@mail.com,0000000270,339
271,Cliente_271,cliente271@mail.com,0000000271,229
272,Cliente_272,cliente272@mail.com,0000000272,478
273,Cliente_273,cliente273@mail.com,0000000273,563
274,Cliente_274,cliente274@mail.com,0000000274,534
275,Cliente_275,cliente275@mail.com,0000000275,262
276,Cliente_276,cliente276@mail.com,0000000276,97
277,Cliente_277,cliente277@mail.com,0000000277,98
278,Cliente_278,cliente278@mail.com,0000000278,1
279,Cliente_279,cliente279@mail.com,0000000279,139
280,Cliente_280,cliente280@mail.com,0000000280,31
281,Cliente_281,cliente281@mail.com,0000000281,438
282,Cliente_282,cliente282@mail.com,0000000282,264
283,Cliente_283,cliente283@mail.com,0000000283,110
284,Cliente_284,cliente284@mail.com,0000000284,182
285,Cliente_285,cliente285@mail.com,0000000285,244
286,Cliente_286,cliente286@mail.com,0000000286,469
287,Cliente_287,cliente287@mail.com,0000000287,440
288,Cliente_288,cliente288@mail.com,0000000288,36
289,Cliente_289,cliente289@mail.com,0000000289,282
290,Cliente_290,cliente290@mail.com,0000000290,347
291,Cliente_291,cliente291@mail.com,0000000291,303
292,Cliente_292,cliente292@mail.com,0000000292,276
293,Cliente_293,cliente293@mail.com,0000000293,41
294,Cliente_294,cliente294@mail.com,0000000294,501
295,Cliente_295,cliente295@mail.com,0000000295,404
296,Cliente_296,cliente296@mail.com,0000000296,418
297,Cliente_297,cliente297@mail.com,0000000297,38
298,Cliente_298,cliente298@mail.com,0000000298,395
299,Cliente_299,cliente299@mail.com,0000000299,417
300,Cliente_300,cliente300@mail.com,0000000300,243
301,Cliente_301,cliente301@mail.com,0000000301,305
302,Cliente_302,cliente302@mail.com,0000000302,237
303,Cliente_303,cliente303@mail.com,0000000303,159
304,Cliente_304,cliente304@mail.com,0000000304,396
305,Cliente_305,cliente305@mail.com,0000000305,416
306,Cliente_306,cliente306@mail.com,0000000306,204
307,Cliente_307,cliente307@mail.com,0000000307,120
308,Cliente_308,cliente308@mail.com,0000000308,90
309,Cliente_309,cliente309@mail.com,0000000309,168
310,Cliente_310,cliente310@mail.com,0000000310,407
311,Cliente_311,cliente311@mail.com,0000000311,205
312,Cliente_312,cliente312@mail.com,0000000312,125
313,Cliente_313,cliente313@mail.com,0000000313,263
314,Cliente_314,cliente314@mail.com,0000000314,400
315,Cliente_315,cliente315@mail.com,0000000315,470
316,Cliente_316,cliente316@mail.com,0000000316,372
317,Cliente_317,cliente317@mail.com,0000000317,211
318,Cliente_318,cliente318@mail.com,0000000318,243
319,Cliente_319,cliente319@mail.com,0000000319,380
320,Cliente_320,cliente320@mail.com,0000000320,172
321,Cliente_321,cliente321@mail.com,0000000321,269
322,Cliente_322,cliente322@mail.com,0000000322,58
323,Cliente_323,cliente323@mail.com,0000000323,191
324,Cliente_324,cliente324@mail.com,0000000324,228
325,Cliente_325,cliente325@mail.com,0000000325,40
326,Cliente_326,cliente326@mail.com,0000000326,423
327,Cliente_327,cliente327@mail.com,0000000327,360
328,Cliente_328,cliente328@mail.com,0000000328,207
329,Cliente_329,cliente329@mail.com,0000000329,337
330,Cliente_330,cliente330@mail.com,0000000330,373
331,Cliente_331,cliente331@mail.com,0000000331,348
332,Cliente_332,cliente332@mail.com,0000000332,70
333,Cliente_333,cliente333@mail.com,0000000333,135
334,Cliente_334,cliente334@mail.com,0000000334,71
335,Cliente_335,cliente335@mail.com,0000000335,338
336,Cliente_336,cliente336@mail.com,0000000336,358
337,Cliente_337,cliente337@mail.com,0000000337,250
338,Cliente_338,cliente338@mail.com,0000000338,379
339,Cliente_339,cliente339@mail.com,0000000339,83
340,Cliente_340,cliente340@mail.com,0000000340,291
341,Cliente_341,cliente341@mail.com,0000000341,187
342,Cliente_342,cliente342@mail.com,0000000342,460
343,Cliente_343,cliente343@mail.com,0000000343,361
344,Cliente_344,cliente344@mail.com,0000000344,143
345,Cliente_345,cliente345@mail.com,0000000345,77
346,Cliente_346,cliente346@mail.com,0000000346,483
347,Cliente_347,cliente347@mail.com,0000000347,498
348,Cliente_348,cliente348@mail.com,0000000348,270
349,Cliente_349,cliente349@mail.com,0000000349,361
350,Cliente_350,cliente350@mail.com,0000000350,76
351,Cliente_351,cliente351@mail.com,0000000351,48
352,Cliente_352,cliente352@mail.com,0000000352,523
353,Cliente_353,cliente353@mail.com,0000000353,250
354,Cliente_354,cliente354@mail.com,0000000354,404
355,Cliente_355,cliente355@mail.com,0000000355,480
356,Cliente_356,cliente356@mail.com,0000000356,130
357,Cliente_357,cliente357@mail.com,0000000357,539
358,Cliente_358,cliente358@mail.com,0000000358,488
359,Cliente_359,cliente359@mail.com,0000000359,236
360,Cliente_360,cliente360@mail.com,0000000360,160
361,Cliente_361,cliente361@mail.com,0000000361,342
362,Cliente_362,cliente362@mail.com,0000000362,311
363,Cliente_363,cliente363@mail.com,0000000363,494
364,Cliente_364,cliente364@mail.com,0000000364,457
365,Cliente_365,cliente365@mail.com,0000000365,190
366,Cliente_366,cliente366@mail.com,0000000366,211
367,Cliente_367,cliente367@mail.com,0000000367,186
368,Cliente_368,cliente368@mail.com,0000000368,316
369,Cliente_369,cliente369@mail.com,0000000369,272
370,Cliente_370,cliente370@mail.com,0000000370,123
371,Cliente_371,cliente371@mail.com,0000000371,285
372,Cliente_372,cliente372@mail.com,0000000372,188
373,Cliente_373,cliente373@mail.com,0000000373,318
374,Cliente_374,cliente374@mail.com,0000000374,14
375,Cliente_375,cliente375@mail.com,0000000375,439
376,Cliente_376,cliente376@mail.com,0000000376,68
377,Cliente_377,cliente377@mail.com,0000000377,397
378,Cliente_378,cliente378@mail.com,0000000378,239
379,Cliente_379,cliente379@mail.com,0000000379,120
380,Cliente_380,cliente380@mail.com,0000000380,295
381,Cliente_381,cliente381@mail.com,0000000381,348
382,Cliente_382,cliente382@mail.com,0000000382,341
383,Cliente_383,cliente383@mail.com,0000000383,342
384,Cliente_384,cliente384@mail.com,0000000384,357
385,Cliente_385,cliente385@mail.com,0000000385,103
386,Cliente_386,cliente386@mail.com,0000000386,66
387,Cliente_387,cliente387@mail.com,0000000387,378
388,Cliente_388,cliente388@mail.com,0000000388,467
389,Cliente_389,cliente389@mail.com,0000000389,191
390,Cliente_390,cliente390@mail.com,0000000390,229
391,Cliente_391,cliente391@mail.com,0000000391,457
392,Cliente_392,cliente392@mail.com,0000000392,24
393,Cliente_393,cliente393@mail.com,0000000393,100
394,Cliente_394,cliente394@mail.com,0000000394,276
395,Cliente_395,cliente395@mail.com,0000000395,322
396,Cliente_396,cliente396@mail.com,0000000396,398
397,Cliente_397,cliente397@mail.com,0000000397,509
398,Cliente_398,cliente398@mail.com,0000000398,516
399,Cliente_399,cliente399@mail.com,0000000399,481
400,Cliente_400,cliente400@mail.com,0000000400,60
401,Cliente_401,cliente401@mail.com,0000000401,441
402,Cliente_402,cliente402@mail.com,0000000402,376
403,Cliente_403,cliente403@mail.com,0000000403,469
404,Cliente_404,cliente404@mail.com,0000000404,473
405,Cliente_405,cliente405@mail.com,0000000405,77
406,Cliente_406,cliente406@mail.com,0000000406,382
407,Cliente_407,cliente407@mail.com,0000000407,79
408,Cliente_408,cliente408@mail.com,0000000408,302
409,Cliente_409,cliente409@mail.com,0000000409,435
410,Cliente_410,cliente410@mail.com,0000000410,171
411,Cliente_411,cliente411@mail.com,0000000411,244
412,Cliente_412,cliente412@mail.com,0000000412,237
413,Cliente_413,cliente413@mail.com,0000000413,258
414,Cliente_414,cliente414@mail.com,0000000414,428
415,Cliente_415,cliente415@mail.com,0000000415,369
416,Cliente_416,cliente416@mail.com,0000000416,659
417,Cliente_417,cliente417@mail.com,0000000417,114
418,Cliente_418,cliente418@mail.com,0000000418,342
419,Cliente_419,cliente419@mail.com,0000000419,133
420,Cliente_420,cliente420@mail.com,0000000420,377
421,Cliente_421,cliente421@mail.com,0000000421,335
422,Cliente_422,cliente422@mail.com,0000000422,410
423,Cliente_423,cliente423@mail.com,0000000423,275
424,Cliente_424,cliente424@mail.com,0000000424,462
425,Cliente_425,cliente425@mail.com,0000000425,540
426,Cliente_426,cliente426@mail.com,0000000426,160
427,Cliente_427,cliente427@mail.com,0000000427,148
428,Cliente_428,cliente428@mail.com,0000000428,350
429,Cliente_429,cliente429@mail.com,0000000429,158
430,Cliente_430,cliente430@mail.com,0000000430,354
431,Cliente_431,cliente431@mail.com,0000000431,263
432,Cliente_432,cliente432@mail.com,0000000432,510
433,Cliente_433,cliente433@mail.com,0000000433,179
434,Cliente_434,cliente434@mail.com,0000000434,360
435,Cliente_435,cliente435@mail.com,0000000435,317
436,Cliente_436,cliente436@mail.com,0000000436,440
437,Cliente_437,cliente437@mail.com,0000000437,444
438,Cliente_438,cliente438@mail.com,0000000438,237
439,Cliente_439,cliente439@mail.com,0000000439,156
440,Cliente_440,cliente440@mail.com,0000000440,245
441,Cliente_441,cliente441@mail.com,0000000441,168
442,Cliente_442,cliente442@mail.com,0000000442,494
443,Cliente_443,cliente443@mail.com,0000000443,308
444,Cliente_444,cliente444@mail.com,0000000444,121
445,Cliente_445,cliente445@mail.com,0000000445,546
446,Cliente_446,cliente446@mail.com,0000000446,280
447,Cliente_447,cliente447@mail.com,0000000447,458
448,Cliente_448,cliente448@mail.com,0000000448,58
449,Cliente_449,cliente449@mail.com,0000000449,283
450,Cliente_450,cliente450@mail.com,0000000450,436
451,Cliente_451,cliente451@mail.com,0000000451,26
452,Cliente_452,cliente452@mail.com,0000000452,43
453,Cliente_453,cliente453@mail.com,0000000453,321
454,Cliente_454,cliente454@mail.com,0000000454,524
455,Cliente_455,cliente455@mail.com,0000000455,261
456,Cliente_456,cliente456@mail.com,0000000456,483
457,Cliente_457,cliente457@mail.com,0000000457,460
458,Cliente_458,cliente458@mail.com,0000000458,259
459,Cliente_459,cliente459@mail.com,0000000459,416
460,Cliente_460,cliente460@mail.com,0000000460,231
461,Cliente_461,cliente461@mail.com,0000000461,369
462,Cliente_462,cliente462@mail.com,0000000462,341
463,Cliente_463,cliente463@mail.com,0000000463,286
464,Cliente_464,cliente464@mail.com,0000000464,374
465,Cliente_465,cliente465@mail.com,0000000465,386
466,Cliente_466,cliente466@mail.com,0000000466,387
467,Cliente_467,cliente467@mail.com,0000000467,303
468,Cliente_468,cliente468@mail.com,0000000468,440
469,Cliente_469,cliente469@mail.com,0000000469,389
470,Cliente_470,cliente470@mail.com,0000000470,413
471,Cliente_471,cliente471@mail.com,0000000471,537
472,Cliente_472,cliente472@mail.com,0000000472,407
473,Cliente_473,cliente473@mail.com,0000000473,218
474,Cliente_474,cliente474@mail.com,0000000474,289
475,Cliente_475,cliente475@mail.com,0000000475,225
476,Cliente_476,cliente476@mail.com,0000000476,508
477,Cliente_477,cliente477@mail.com,0000000477,476
478,Cliente_478,cliente478@mail.com,0000000478,255
479,Cliente_479,cliente479@mail.com,0000000479,286
480,Cliente_480,cliente480@mail.com,0000000480,106
481,Cliente_481,cliente481@mail.com,0000000481,154
482,Cliente_482,cliente482@mail.com,0000000482,383
483,Cliente_483,cliente483@mail.com,0000000483,140
484,Cliente_484,cliente484@mail.com,0000000484,176
485,Cliente_485,cliente485@mail.com,0000000485,281
486,Cliente_486,cliente486@mail.com,0000000486,481
487,Cliente_487,cliente487@mail.com,0000000487,275
488,Cliente_488,cliente488@mail.com,0000000488,425
489,Cliente_489,cliente489@mail.com,0000000489,200
490,Cliente_490,cliente490@mail.com,0000000490,254
491,Cliente_491,cliente491@mail.com,0000000491,483
492,Cliente_492,cliente492@mail.com,0000000492,105
493,Cliente_493,cliente493@mail.com,0000000493,399
494,Cliente_494,cliente494@mail.com,0000000494,452
495,Cliente_495,cliente495@mail.com,0000000495,533
496,Cliente_496,cliente496@mail.com,0000000496,185
497,Cliente_497,cliente497@mail.com,0000000497,99
498,Cliente_498,cliente498@mail.com,0000000498,257
499,Cliente_499,cliente499@mail.com,0000000499,327
500,Cliente_500,cliente500@mail.com,0000000500,111
501,Cliente_501,cliente501@mail.com,0000000501,102
502,Cliente_502,cliente502@mail.com,0000000502,376
503,Cliente_503,cliente503@mail.com,0000000503,361
504,Cliente_504,cliente504@mail.com,0000000504,520
505,Cliente_505,cliente505@mail.com,0000000505,191
506,Cliente_506,cliente506@mail.com,0000000506,96
507,Cliente_507,cliente507@mail.com,0000000507,505
508,Cliente_508,cliente508@mail.com,0000000508,71
509,Cliente_509,cliente509@mail.com,0000000509,215
510,Cliente_510,cliente510@mail.com,0000000510,450
511,Cliente_511,cliente511@mail.com,0000000511,35
512,Cliente_512,cliente512@mail.com,0000000512,164
513,Cliente_513,cliente513@mail.com,0000000513,166
514,Cliente_514,cliente514@mail.com,0000000514,47
515,Cliente_515,cliente515@mail.com,0000000515,23
516,Cliente_516,cliente516@mail.com,0000000516,511
517,Cliente_517,cliente517@mail.com,0000000517,480
518,Cliente_518,cliente518@mail.com,0000000518,400
519,Cliente_519,cliente519@mail.com,0000000519,393
520,Cliente_520,cliente520@mail.com,0000000520,351
521,Cliente_521,cliente521@mail.com,0000000521,370
522,Cliente_522,cliente522@mail.com,0000000522,147
523,Cliente_523,cliente523@mail.com,0000000523,357
524,Cliente_524,cliente524@mail.com,0000000524,145
525,Cliente_525,cliente525@mail.com,0000000525,562
526,Cliente_526,cliente526@mail.com,0000000526,287
527,Cliente_527,cliente527@mail.com,0000000527,181
528,Cliente_528,cliente528@mail.com,0000000528,388
529,Cliente_529,cliente529@mail.com,0000000529,133
530,Cliente_530,cliente530@mail.com,0000000530,424
531,Cliente_531,cliente531@mail.com,0000000531,550
532,Cliente_532,cliente532@mail.com,0000000532,282
533,Cliente_533,cliente533@mail.com,0000000533,425
534,Cliente_534,cliente534@mail.com,0000000534,106
535,Cliente_535,cliente535@mail.com,0000000535,255
536,Cliente_536,cliente536@mail.com,0000000536,328
537,Cliente_537,cliente537@mail.com,0000000537,8
538,Cliente_538,cliente538@mail.com,0000000538,478
539,Cliente_539,cliente539@mail.com,0000000539,440
540,Cliente_540,cliente540@mail.com,0000000540,515
541,Cliente_541,cliente541@mail.com,0000000541,428
542,Cliente_542,cliente542@mail.com,0000000542,443
543,Cliente_543,cliente543@mail.com,0000000543,97
544,Cliente_544,cliente544@mail.com,0000000544,505
545,Cliente_545,cliente545@mail.com,0000000545,510
546,Cliente_546,cliente546@mail.com,0000000546,477
547,Cliente_547,cliente547@mail.com,0000000547,242
548,Cliente_548,cliente548@mail.com,0000000548,437
549,Cliente_549,cliente549@mail.com,0000000549,207
550,Cliente_550,cliente550@mail.com,0000000550,23
551,Cliente_551,cliente551@mail.com,0000000551,159
552,Cliente_552,cliente552@mail.com,0000000552,306
553,Cliente_553,cliente553@mail.com,0000000553,94
554,Cliente_554,cliente554@mail.com,0000000554,218
555,Cliente_555,cliente555@mail.com,0000000555,138
556,Cliente_556,cliente556@mail.com,0000000556,477
557,Cliente_557,cliente557@mail.com,0000000557,324
558,Cliente_558,cliente558@mail.com,0000000558,690
559,Cliente_559,cliente559@mail.com,0000000559,25
560,Cliente_560,cliente560@mail.com,0000000560,96
561,Cliente_561,cliente561@mail.com,0000000561,470
562,Cliente_562,cliente562@mail.com,0000000562,473
563,Cliente_563,cliente563@mail.com,0000000563,31
564,Cliente_564,cliente564@mail.com,0000000564,210
565,Cliente_565,cliente565@mail.com,0000000565,484
566,Cliente_566,cliente566@mail.com,0000000566,217
567,Cliente_567,cliente567@mail.com,0000000567,253
568,Cliente_568,cliente568@mail.com,0000000568,111
569,Cliente_569,cliente569@mail.com,0000000569,282
570,Cliente_570,cliente570@mail.com,0000000570,103
571,Cliente_571,cliente571@mail.com,0000000571,284
572,Cliente_572,cliente572@mail.com,0000000572,219
573,Cliente_573,cliente573@mail.com,0000000573,151
574,Cliente_574,cliente574@mail.com,0000000574,311
575,Cliente_575,cliente575@mail.com,0000000575,302
576,Cliente_576,cliente576@mail.com,0000000576,172
577,Cliente_577,cliente577@mail.com,0000000577,151
578,Cliente_578,cliente578@mail.com,0000000578,78
579,Cliente_579,cliente579@mail.com,0000000579,282
580,Cliente_580,cliente580@mail.com,0000000580,375
581,Cliente_581,cliente581@mail.com,0000000581,168
582,Cliente_582,cliente582@mail.com,0000000582,1
583,Cliente_583,cliente583@mail.com,0000000583,279
584,Cliente_584,cliente584@mail.com,0000000584,525
585,Cliente_585,cliente585@mail.com,0000000585,434
586,Cliente_586,cliente586@mail.com,0000000586,261
587,Cliente_587,cliente587@mail.com,0000000587,27
588,Cliente_588,cliente588@mail.com,0000000588,397
589,Cliente_589,cliente589@mail.com,0000000589,499
590,Cliente_590,cliente590@mail.com,0000000590,412
591,Cliente_591,cliente591@mail.com,0000000591,518
592,Cliente_592,cliente592@mail.com,0000000592,403
593,Cliente_593,cliente593@mail.com,0000000593,327
594,Cliente_594,cliente594@mail.com,0000000594,221
595,Cliente_595,cliente595@mail.com,0000000595,528
596,Cliente_596,cliente596@mail.com,0000000596,414
597,Cliente_597,cliente597@mail.com,0000000597,408
598,Cliente_598,cliente598@mail.com,0000000598,424
599,Cliente_599,cliente599@mail.com,0000000599,477
600,Cliente_600,cliente600@mail.com,0000000600,533
601,Cliente_601,cliente601@mail.com,0000000601,272
602,Cliente_602,cliente602@mail.com,0000000602,169
603,Cliente_603,cliente603@mail.com,0000000603,373
604,Cliente_604,cliente604@mail.com,0000000604,369
605,Cliente_605,cliente605@mail.com,0000000605,405
606,Cliente_606,cliente606@mail.com,0000000606,291
607,Cliente_607,cliente607@mail.com,0000000607,254
608,Cliente_608,cliente608@mail.com,0000000608,336
609,Cliente_609,cliente609@mail.com,0000000609,349
610,Cliente_610,cliente610@mail.com,0000000610,438
611,Cliente_611,cliente611@mail.com,0000000611,371
612,Cliente_612,cliente612@mail.com,0000000612,481
613,Cliente_613,cliente613@mail.com,0000000613,302
614,Cliente_614,cliente614@mail.com,0000000614,39
615,Cliente_615,cliente615@mail.com,0000000615,416
616,Cliente_616,cliente616@mail.com,0000000616,202
617,Cliente_617,cliente617@mail.com,0000000617,194
618,Cliente_618,cliente618@mail.com,0000000618,519
619,Cliente_619,cliente619@mail.com,0000000619,196
620,Cliente_620,cliente620@mail.com,0000000620,157
621,Cliente_621,cliente621@mail.com,0000000621,331
622,Cliente_622,cliente622@mail.com,0000000622,213
623,Cliente_623,cliente623@mail.com,0000000623,295
624,Cliente_624,cliente624@mail.com,0000000624,216
625,Cliente_625,cliente625@mail.com,0000000625,316
626,Cliente_626,cliente626@mail.com,0000000626,415
627,Cliente_627,cliente627@mail.com,0000000627,227
628,Cliente_628,cliente628@mail.com,0000000628,29
629,Cliente_629,cliente629@mail.com,0000000629,484
630,Cliente_630,cliente630@mail.com,0000000630,297
631,Cliente_631,cliente631@mail.com,0000000631,448
632,Cliente_632,cliente632@mail.com,0000000632,48
633,Cliente_633,cliente633@mail.com,0000000633,347
634,Cliente_634,cliente634@mail.com,0000000634,56
635,Cliente_635,cliente635@mail.com,0000000635,336
636,Cliente_636,cliente636@mail.com,0000000636,222
637,Cliente_637,cliente637@mail.com,0000000637,44
638,Cliente_638,cliente638@mail.com,0000000638,296
639,Cliente_639,cliente639@mail.com,0000000639,438
640,Cliente_640,cliente640@mail.com,0000000640,110
641,Cliente_641,cliente641@mail.com,0000000641,547
642,Cliente_642,cliente642@mail.com,0000000642,153
643,Cliente_643,cliente643@mail.com,0000000643,220
644,Cliente_644,cliente644@mail.com,0000000644,438
645,Cliente_645,cliente645@mail.com,0000000645,199
646,Cliente_646,cliente646@mail.com,0000000646,239
647,Cliente_647,cliente647@mail.com,0000000647,431
648,Cliente_648,cliente648@mail.com,0000000648,490
649,Cliente_649,cliente649@mail.com,0000000649,42
650,Cliente_650,cliente650@mail.com,0000000650,199
651,Cliente_651,cliente651@mail.com,0000000651,230
652,Cliente_652,cliente652@mail.com,0000000652,116
653,Cliente_653,cliente653@mail.com,0000000653,506
654,Cliente_654,cliente654@mail.com,0000000654,446
655,Cliente_655,cliente655@mail.com,0000000655,497
656,Cliente_656,cliente656@mail.com,0000000656,526
657,Cliente_657,cliente657@mail.com,0000000657,125
658,Cliente_658,cliente658@mail.com,0000000658,277
659,Cliente_659,cliente659@mail.com,0000000659,258
660,Cliente_660,cliente660@mail.com,0000000660,233
661,Cliente_661,cliente661@mail.com,0000000661,212
662,Cliente_662,cliente662@mail.com,0000000662,180
663,Cliente_663,cliente663@mail.com,0000000663,302
664,Cliente_664,cliente664@mail.com,0000000664,237
665,Cliente_665,cliente665@mail.com,0000000665,232
666,Cliente_666,cliente666@mail.com,0000000666,282
667,Cliente_667,cliente667@mail.com,0000000667,87
668,Cliente_668,cliente668@mail.com,0000000668,445
669,Cliente_669,cliente669@mail.com,0000000669,7
670,Cliente_670,cliente670@mail.com,0000000670,117
671,Cliente_671,cliente671@mail.com,0000000671,202
672,Cliente_672,cliente672@mail.com,0000000672,163
673,Cliente_673,cliente673@mail.com,0000000673,519
674,Cliente_674,cliente674@mail.com,0000000674,271
675,Cliente_675,cliente675@mail.com,0000000675,178
676,Cliente_676,cliente676@mail.com,0000000676,474
677,Cliente_677,cliente677@mail.com,0000000677,427
678,Cliente_678,cliente678@mail.com,0000000678,225
679,Cliente_679,cliente679@mail.com,0000000679,526
680,Cliente_680,cliente680@mail.com,0000000680,248
681,Cliente_681,cliente681@mail.com,0000000681,85
682,Cliente_682,cliente682@mail.com,0000000682,102
683,Cliente_683,cliente683@mail.com,0000000683,190
684,Cliente_684,cliente684@mail.com,0000000684,178
685,Cliente_685,cliente685@mail.com,0000000685,405
686,Cliente_686,cliente686@mail.com,0000000686,129
687,Cliente_687,cliente687@mail.com,0000000687,311
688,Cliente_688,cliente688@mail.com,0000000688,80
689,Cliente_689,cliente689@mail.com,0000000689,140
690,Cliente_690,cliente690@mail.com,0000000690,415
691,Cliente_691,cliente691@mail.com,0000000691,493
692,Cliente_692,cliente692@mail.com,0000000692,523
693,Cliente_693,cliente693@mail.com,0000000693,37
694,Cliente_694,cliente694@mail.com,0000000694,65
695,Cliente_695,cliente695@mail.com,0000000695,331
696,Cliente_696,cliente696@mail.com,0000000696,372
697,Cliente_697,cliente697@mail.com,0000000697,446
698,Cliente_698,cliente698@mail.com,0000000698,504
699,Cliente_699,cliente699@mail.com,0000000699,485
700,Cliente_700,cliente700@mail.com,0000000700,291
701,Cliente_701,cliente701@mail.com,0000000701,130
702,Cliente_702,cliente702@mail.com,0000000702,331
703,Cliente_703,cliente703@mail.com,0000000703,100
704,Cliente_704,cliente704@mail.com,0000000704,452
705,Cliente_705,cliente705@mail.com,0000000705,254
706,Cliente_706,cliente706@mail.com,0000000706,465
707,Cliente_707,cliente707@mail.com,0000000707,520
708,Cliente_708,cliente708@mail.com,0000000708,591
709,Cliente_709,cliente709@mail.com,0000000709,56
710,Cliente_710,cliente710@mail.com,0000000710,127
711,Cliente_711,cliente711@mail.com,0000000711,331
712,Cliente_712,cliente712@mail.com,0000000712,250
713,Cliente_713,cliente713@mail.com,0000000713,279
714,Cliente_714,cliente714@mail.com,0000000714,399
715,Cliente_715,cliente715@mail.com,0000000715,117
716,Cliente_716,cliente716@mail.com,0000000716,135
717,Cliente_717,cliente717@mail.com,0000000717,173
718,Cliente_718,cliente718@mail.com,0000000718,268
719,Cliente_719,cliente719@mail.com,0000000719,330
720,Cliente_720,cliente720@mail.com,0000000720,391
721,Cliente_721,cliente721@mail.com,0000000721,412
722,Cliente_722,cliente722@mail.com,0000000722,68
723,Cliente_723,cliente723@mail.com,0000000723,432
724,Cliente_724,cliente724@mail.com,0000000724,215
725,Cliente_725,cliente725@mail.com,0000000725,143
726,Cliente_726,cliente726@mail.com,0000000726,155
727,Cliente_727,cliente727@mail.com,0000000727,518
728,Cliente_728,cliente728@mail.com,0000000728,65
729,Cliente_729,cliente729@mail.com,0000000729,137
730,Cliente_730,cliente730@mail.com,0000000730,150
731,Cliente_731,cliente731@mail.com,0000000731,244
732,Cliente_732,cliente732@mail.com,0000000732,379
733,Cliente_733,cliente733@mail.com,0000000733,448
734,Cliente_734,cliente734@mail.com,0000000734,196
735,Cliente_735,cliente735@mail.com,0000000735,554
736,Cliente_736,cliente736@mail.com,0000000736,221
737,Cliente_737,cliente737@mail.com,0000000737,391
738,Cliente_738,cliente738@mail.com,0000000738,307
739,Cliente_739,cliente739@mail.com,0000000739,447
740,Cliente_740,cliente740@mail.com,0000000740,533
741,Cliente_741,cliente741@mail.com,0000000741,320
742,Cliente_742,cliente742@mail.com,0000000742,270
743,Cliente_743,cliente743@mail.com,0000000743,678
744,Cliente_744,cliente744@mail.com,0000000744,531
745,Cliente_745,cliente745@mail.com,0000000745,83
746,Cliente_746,cliente746@mail.com,0000000746,163
747,Cliente_747,cliente747@mail.com,0000000747,270
748,Cliente_748,cliente748@mail.com,0000000748,128
749,Cliente_749,cliente749@mail.com,0000000749,39
750,Cliente_750,cliente750@mail.com,0000000750,519
751,Cliente_751,cliente751@mail.com,0000000751,270
752,Cliente_752,cliente752@mail.com,0000000752,470
753,Cliente_753,cliente753@mail.com,0000000753,104
754,Cliente_754,cliente754@mail.com,0000000754,303
755,Cliente_755,cliente755@mail.com,0000000755,410
756,Cliente_756,cliente756@mail.com,0000000756,415
757,Cliente_757,cliente757@mail.com,0000000757,270
758,Cliente_758,cliente758@mail.com,0000000758,717
759,Cliente_759,cliente759@mail.com,0000000759,401
760,Cliente_760,cliente760@mail.com,0000000760,325
761,Cliente_761,cliente761@mail.com,0000000761,311
762,Cliente_762,cliente762@mail.com,0000000762,404
763,Cliente_763,cliente763@mail.com,0000000763,455
764,Cliente_764,cliente764@mail.com,0000000764,70
765,Cliente_765,cliente765@mail.com,0000000765,511
766,Cliente_766,cliente766@mail.com,0000000766,398
767,Cliente_767,cliente767@mail.com,0000000767,495
768,Cliente_768,cliente768@mail.com,0000000768,279
769,Cliente_769,cliente769@mail.com,0000000769,120
770,Cliente_770,cliente770@mail.com,0000000770,122
771,Cliente_771,cliente771@mail.com,0000000771,300
772,Cliente_772,cliente772@mail.com,0000000772,223
773,Cliente_773,cliente773@mail.com,0000000773,305
774,Cliente_774,cliente774@mail.com,0000000774,417
775,Cliente_775,cliente775@mail.com,0000000775,102
776,Cliente_776,cliente776@mail.com,0000000776,154
777,Cliente_777,cliente777@mail.com,0000000777,359
778,Cliente_778,cliente778@mail.com,0000000778,3
779,Cliente_779,cliente779@mail.com,0000000779,23
780,Cliente_780,cliente780@mail.com,0000000780,456
781,Cliente_781,cliente781@mail.com,0000000781,228
782,Cliente_782,cliente782@mail.com,0000000782,498
783,Cliente_783,cliente783@mail.com,0000000783,530
784,Cliente_784,cliente784@mail.com,0000000784,310
785,Cliente_785,cliente785@mail.com,0000000785,122
786,Cliente_786,cliente786@mail.com,0000000786,118
787,Cliente_787,cliente787@mail.com,0000000787,508
788,Cliente_788,cliente788@mail.com,0000000788,227
789,Cliente_789,cliente789@mail.com,0000000789,447
790,Cliente_790,cliente790@mail.com,0000000790,331
791,Cliente_791,cliente791@mail.com,0000000791,38
792,Cliente_792,cliente792@mail.com,0000000792,464
793,Cliente_793,cliente793@mail.com,0000000793,441
794,Cliente_794,cliente794@mail.com,0000000794,184
795,Cliente_795,cliente795@mail.com,0000000795,400
796,Cliente_796,cliente796@mail.com,0000000796,427
797,Cliente_797,cliente797@mail.com,0000000797,516
798,Cliente_798,cliente798@mail.com,0000000798,263
799,Cliente_799,cliente799@mail.com,0000000799,518
800,Cliente_800,cliente800@mail.com,0000000800,177
801,Cliente_801,cliente801@mail.com,0000000801,120
802,Cliente_802,cliente802@mail.com,0000000802,522
803,Cliente_803,cliente803@mail.com,0000000803,438
804,Cliente_804,cliente804@mail.com,0000000804,136
805,Cliente_805,cliente805@mail.com,0000000805,293
806,Cliente_806,cliente806@mail.com,0000000806,425
807,Cliente_807,cliente807@mail.com,0000000807,228
808,Cliente_808,cliente808@mail.com,0000000808,145
809,Cliente_809,cliente809@mail.com,0000000809,192
810,Cliente_810,cliente810@mail.com,0000000810,317
811,Cliente_811,cliente811@mail.com,0000000811,107
812,Cliente_812,cliente812@mail.com,0000000812,361
813,Cliente_813,cliente813@mail.com,0000000813,427
814,Cliente_814,cliente814@mail.com,0000000814,257
815,Cliente_815,cliente815@mail.com,0000000815,360
816,Cliente_816,cliente816@mail.com,0000000816,455
817,Cliente_817,cliente817@mail.com,0000000817,159
818,Cliente_818,cliente818@mail.com,0000000818,308
819,Cliente_819,cliente819@mail.com,0000000819,104
820,Cliente_820,cliente820@mail.com,0000000820,221
821,Cliente_821,cliente821@mail.com,0000000821,125
822,Cliente_822,cliente822@mail.com,0000000822,322
823,Cliente_823,cliente823@mail.com,0000000823,296
824,Cliente_824,cliente824@mail.com,0000000824,271
825,Cliente_825,cliente825@mail.com,0000000825,270
826,Cliente_826,cliente826@mail.com,0000000826,268
827,Cliente_827,cliente827@mail.com,0000000827,241
828,Cliente_828,cliente828@mail.com,0000000828,361
829,Cliente_829,cliente829@mail.com,0000000829,135
830,Cliente_830,cliente830@mail.com,0000000830,524
831,Cliente_831,cliente831@mail.com,0000000831,386
832,Cliente_832,cliente832@mail.com,0000000832,143
833,Cliente_833,cliente833@mail.com,0000000833,101
834,Cliente_834,cliente834@mail.com,0000000834,375
835,Cliente_835,cliente835@mail.com,0000000835,2
836,Cliente_836,cliente836@mail.com,0000000836,119
837,Cliente_837,cliente837@mail.com,0000000837,178
838,Cliente_838,cliente838@mail.com,0000000838,483
839,Cliente_839,cliente839@mail.com,0000000839,432
840,Cliente_840,cliente840@mail.com,0000000840,486
841,Cliente_841,cliente841@mail.com,0000000841,304
842,Cliente_842,cliente842@mail.com,0000000842,451
843,Cliente_843,cliente843@mail.com,0000000843,499
844,Cliente_844,cliente844@mail.com,0000000844,314
845,Cliente_845,cliente845@mail.com,0000000845,186
846,Cliente_846,cliente846@mail.com,0000000846,311
847,Cliente_847,cliente847@mail.com,0000000847,191
848,Cliente_848,cliente848@mail.com,0000000848,91
849,Cliente_849,cliente849@mail.com,0000000849,57
850,Cliente_850,cliente850@mail.com,0000000850,328
851,Cliente_851,cliente851@mail.com,0000000851,259
852,Cliente_852,cliente852@mail.com,0000000852,135
853,Cliente_853,cliente853@mail.com,0000000853,375
854,Cliente_854,cliente854@mail.com,0000000854,431
855,Cliente_855,cliente855@mail.com,0000000855,17
856,Cliente_856,cliente856@mail.com,0000000856,340
857,Cliente_857,cliente857@mail.com,0000000857,550
858,Cliente_858,cliente858@mail.com,0000000858,32
859,Cliente_859,cliente859@mail.com,0000000859,414
860,Cliente_860,cliente860@mail.com,0000000860,187
861,Cliente_861,cliente861@mail.com,0000000861,320
862,Cliente_862,cliente862@mail.com,0000000862,77
863,Cliente_863,cliente863@mail.com,0000000863,203
864,Cliente_864,cliente864@mail.com,0000000864,430
865,Cliente_865,cliente865@mail.com,0000000865,327
866,Cliente_866,cliente866@mail.com,0000000866,246
867,Cliente_867,cliente867@mail.com,0000000867,582
868,Cliente_868,cliente868@mail.com,0000000868,403
869,Cliente_869,cliente869@mail.com,0000000869,178
870,Cliente_870,cliente870@mail.com,0000000870,67
871,Cliente_871,cliente871@mail.com,0000000871,486
872,Cliente_872,cliente872@mail.com,0000000872,553
873,Cliente_873,cliente873@mail.com,0000000873,41
874,Cliente_874,cliente874@mail.com,0000000874,207
875,Cliente_875,cliente875@mail.com,0000000875,359
876,Cliente_876,cliente876@mail.com,0000000876,488
877,Cliente_877,cliente877@mail.com,0000000877,348
878,Cliente_878,cliente878@mail.com,0000000878,47
879,Cliente_879,cliente879@mail.com,0000000879,195
880,Cliente_880,cliente880@mail.com,0000000880,224
881,Cliente_881,cliente881@mail.com,0000000881,88
882,Cliente_882,cliente882@mail.com,0000000882,230
883,Cliente_883,cliente883@mail.com,0000000883,87
884,Cliente_884,cliente884@mail.com,0000000884,196
885,Cliente_885,cliente885@mail.com,0000000885,409
886,Cliente_886,cliente886@mail.com,0000000886,17
887,Cliente_887,cliente887@mail.com,0000000887,381
888,Cliente_888,cliente888@mail.com,0000000888,270
889,Cliente_889,cliente889@mail.com,0000000889,96
890,Cliente_890,cliente890@mail.com,0000000890,172
891,Cliente_891,cliente891@mail.com,0000000891,43
892,Cliente_892,cliente892@mail.com,0000000892,47
893,Cliente_893,cliente893@mail.com,0000000893,392
894,Cliente_894,cliente894@mail.com,0000000894,383
895,Cliente_895,cliente895@mail.com,0000000895,292
896,Cliente_896,cliente896@mail.com,0000000896,219
897,Cliente_897,cliente897@mail.com,0000000897,501
898,Cliente_898,cliente898@mail.com,0000000898,542
899,Cliente_899,cliente899@mail.com,0000000899,151
900,Cliente_900,cliente900@mail.com,0000000900,81
901,Cliente_901,cliente901@mail.com,0000000901,566
902,Cliente_902,cliente902@mail.com,0000000902,124
903,Cliente_903,cliente903@mail.com,0000000903,122
904,Cliente_904,cliente904@mail.com,0000000904,129
905,Cliente_905,cliente905@mail.com,0000000905,145
906,Cliente_906,cliente906@mail.com,0000000906,294
907,Cliente_907,cliente907@mail.com,0000000907,84
908,Cliente_908,cliente908@mail.com,0000000908,401
909,Cliente_909,cliente909@mail.com,0000000909,538
910,Cliente_910,cliente910@mail.com,0000000910,580
911,Cliente_911,cliente911@mail.com,0000000911,53
912,Cliente_912,cliente912@mail.com,0000000912,407
913,Cliente_913,cliente913@mail.com,0000000913,159
914,Cliente_914,cliente914@mail.com,0000000914,202
915,Cliente_915,cliente915@mail.com,0000000915,64
916,Cliente_916,cliente916@mail.com,0000000916,475
917,Cliente_917,cliente917@mail.com,0000000917,499
918,Cliente_918,cliente918@mail.com,0000000918,187
919,Cliente_919,cliente919@mail.com,0000000919,142
920,Cliente_920,cliente920@mail.com,0000000920,455
921,Cliente_921,cliente921@mail.com,0000000921,424
922,Cliente_922,cliente922@mail.com,0000000922,59
923,Cliente_923,cliente923@mail.com,0000000923,527
924,Cliente_924,cliente924@mail.com,0000000924,292
925,Cliente_925,cliente925@mail.com,0000000925,72
926,Cliente_926,cliente926@mail.com,0000000926,197
927,Cliente_927,cliente927@mail.com,0000000927,227
928,Cliente_928,cliente928@mail.com,0000000928,317
929,Cliente_929,cliente929@mail.com,0000000929,167
930,Cliente_930,cliente930@mail.com,0000000930,479
931,Cliente_931,cliente931@mail.com,0000000931,477
932,Cliente_932,cliente932@mail.com,0000000932,88
933,Cliente_933,cliente933@mail.com,0000000933,518
934,Cliente_934,cliente934@mail.com,0000000934,282
935,Cliente_935,cliente935@mail.com,0000000935,494
936,Cliente_936,cliente936@mail.com,0000000936,221
937,Cliente_937,cliente937@mail.com,0000000937,19
938,Cliente_938,cliente938@mail.com,0000000938,309
939,Cliente_939,cliente939@mail.com,0000000939,240
940,Cliente_940,cliente940@mail.com,0000000940,165
941,Cliente_941,cliente941@mail.com,0000000941,327
942,Cliente_942,cliente942@mail.com,0000000942,269
943,Cliente_943,cliente943@mail.com,0000000943,453
944,Cliente_944,cliente944@mail.com,0000000944,129
945,Cliente_945,cliente945@mail.com,0000000945,73
946,Cliente_946,cliente946@mail.com,0000000946,418
947,Cliente_947,cliente947@mail.com,0000000947,134
948,Cliente_948,cliente948@mail.com,0000000948,515
949,Cliente_949,cliente949@mail.com,0000000949,167
950,Cliente_950,cliente950@mail.com,0000000950,224
951,Cliente_951,cliente951@mail.com,0000000951,445
952,Cliente_952,cliente952@mail.com,0000000952,73
953,Cliente_953,cliente953@mail.com,0000000953,130
954,Cliente_954,cliente954@mail.com,0000000954,70
955,Cliente_955,cliente955@mail.com,0000000955,419
956,Cliente_956,cliente956@mail.com,0000000956,249
957,Cliente_957,cliente957@mail.com,0000000957,515
958,Cliente_958,cliente958@mail.com,0000000958,283
959,Cliente_959,cliente959@mail.com,0000000959,169
960,Cliente_960,cliente960@mail.com,0000000960,164
961,Cliente_961,cliente961@mail.com,0000000961,98
962,Cliente_962,cliente962@mail.com,0000000962,239
963,Cliente_963,cliente963@mail.com,0000000963,416
964,Cliente_964,cliente964@mail.com,0000000964,175
965,Cliente_965,cliente965@mail.com,0000000965,79
966,Cliente_966,cliente966@mail.com,0000000966,258
967,Cliente_967,cliente967@mail.com,0000000967,212
968,Cliente_968,cliente968@mail.com,0000000968,415
969,Cliente_969,cliente969@mail.com,0000000969,122
970,Cliente_970,cliente970@mail.com,0000000970,474
971,Cliente_971,cliente971@mail.com,0000000971,449
972,Cliente_972,cliente972@mail.com,0000000972,27
973,Cliente_973,cliente973@mail.com,0000000973,395
974,Cliente_974,cliente974@mail.com,0000000974,483
975,Cliente_975,cliente975@mail.com,0000000975,121
976,Cliente_976,cliente976@mail.com,0000000976,440
977,Cliente_977,cliente977@mail.com,0000000977,151
978,Cliente_978,cliente978@mail.com,0000000978,55
979,Cliente_979,cliente979@mail.com,0000000979,376
980,Cliente_980,cliente980@mail.com,0000000980,77
981,Cliente_981,cliente981@mail.com,0000000981,202
982,Cliente_982,cliente982@mail.com,0000000982,248
983,Cliente_983,cliente983@mail.com,0000000983,317
984,Cliente_984,cliente984@mail.com,0000000984,183
985,Cliente_985,cliente985@mail.com,0000000985,377
986,Cliente_986,cliente986@mail.com,0000000986,330
987,Cliente_987,cliente987@mail.com,0000000987,301
988,Cliente_988,cliente988@mail.com,0000000988,317
989,Cliente_989,cliente989@mail.com,0000000989,386
990,Cliente_990,cliente990@mail.com,0000000990,529
991,Cliente_991,cliente991@mail.com,0000000991,219
992,Cliente_992,cliente992@mail.com,0000000992,118
993,Cliente_993,cliente993@mail.com,0000000993,68
994,Cliente_994,cliente994@mail.com,0000000994,286
995,Cliente_995,cliente995@mail.com,0000000995,319
996,Cliente_996,cliente996@mail.com,0000000996,180
997,Cliente_997,cliente997@mail.com,0000000997,395
998,Cliente_998,cliente998@mail.com,0000000998,528
999,Cliente_999,cliente999@mail.com,0000000999,472
1000,Cliente_1000,cliente1000@mail.com,0000001000,215
