id_empleado,nombre_empleado,cargo,salario
1,Empleado_1,Cajero,1862490.00
2,Empleado_2,Gerente,2957957.00
3,Empleado_3,Mesero,1735579.00
4,Empleado_4,Supervisor,2485024.00
5,Empleado_5,Barista,2354549.00
6,Empleado_6,Cajero,1817638.00
7,Empleado_7,Gerente,1418473.00
8,Empleado_8,Mesero,2347451.00
9,Empleado_9,Supervisor,2223651.00
10,Empleado_10,Barista,1783863.00
11,Empleado_11,Cajero,1052807.00
12,Empleado_12,Gerente,1107309.00
13,Empleado_13,Mesero,1699277.00
14,Empleado_14,Supervisor,2865368.00
15,Empleado_15,Barista,2797165.00
16,Empleado_16,Cajero,1129596.00
17,Empleado_17,Gerente,1343230.00
18,Empleado_18,Mesero,2499116.00
19,Empleado_19,Supervisor,1971525.00
20,Empleado_20,Barista,2273846.00
21,Empleado_21,Cajero,1549700.00
22,Empleado_22,Gerente,2570075.00
23,Empleado_23,Mesero,1614482.00
24,Empleado_24,Supervisor,1176918.00
25,Empleado_25,Barista,2603649.00
26,Empleado_26,Cajero,1473535.00
27,Empleado_27,Gerente,1777407.00
28,Empleado_28,Mesero,1653734.00
29,Empleado_29,Supervisor,1079007.00
30,Empleado_30,Barista,2252933.00
31,Empleado_31,Cajero,1894044.00
32,Empleado_32,Gerente,2643793.00
33,Empleado_33,Mesero,1075157.00
34,Empleado_34,Supervisor,2338271.00
35,Empleado_35,Barista,1109399.00
36,Empleado_36,Cajero,1295606.00
37,Empleado_37,Gerente,1377559.00
38,Empleado_38,Mesero,2349655.00
39,Empleado_39,Supervisor,1000600.00
40,Empleado_40,Barista,2103208.00
41,Empleado_41,Cajero,1576367.00
42,Empleado_42,Gerente,2939565.00
43,Empleado_43,Mesero,1720614.00
44,Empleado_44,Supervisor,2289553.00
45,Empleado_45,Barista,1055647.00
46,Empleado_46,Cajero,1723919.00
47,Empleado_47,Gerente,1252257.00
48,Empleado_48,Mesero,1926392.00
49,Empleado_49,Supervisor,1776757.00
50,Empleado_50,Barista,1575184.00
51,Empleado_51,Cajero,2706625.00
52,Empleado_52,Gerente,2442668.00
53,Empleado_53,Mesero,2486979.00
54,Empleado_54,Supervisor,1343329.00
55,Empleado_55,Barista,2265805.00
56,Empleado_56,Cajero,2457482.00
57,Empleado_57,Gerente,1141080.00
58,Empleado_58,Mesero,2262953.00
59,Empleado_59,Supervisor,1546005.00
60,Empleado_60,Barista,2312319.00
61,Empleado_61,Cajero,1662792.00
62,Empleado_62,Gerente,2279767.00
63,Empleado_63,Mesero,1390383.00
64,Empleado_64,Supervisor,1631715.00
65,Empleado_65,Barista,1306940.00
66,Empleado_66,Cajero,1359593.00
67,Empleado_67,Gerente,1239674.00
68,Empleado_68,Mesero,2648311.00
69,Empleado_69,Supervisor,2343594.00
70,Empleado_70,Barista,2342044.00
71,Empleado_71,Cajero,2569284.00
72,Empleado_72,Gerente,2071992.00
73,Empleado_73,Mesero,2562903.00
74,Empleado_74,Supervisor,2535181.00
75,Empleado_75,Barista,1259443.00
76,Empleado_76,Cajero,1350871.00
77,Empleado_77,Gerente,2526306.00
78,Empleado_78,Mesero,1335504.00
79,Empleado_79,Supervisor,1382781.00
80,Empleado_80,Barista,1551990.00
81,Empleado_81,Cajero,1371892.00
82,Empleado_82,Gerente,1027717.00
83,Empleado_83,Mesero,2592020.00
84,Empleado_84,Supervisor,2767070.00
85,Empleado_85,Barista,1818305.00
86,Empleado_86,Cajero,2421261.00
87,Empleado_87,Gerente,2210027.00
88,Empleado_88,Mesero,1435923.00
89,Empleado_89,Supervisor,2884401.00
90,Empleado_90,Barista,1389499.00
91,Empleado_91,Cajero,2180646.00
92,Empleado_92,Gerente,2845554.00
93,Empleado_93,Mesero,1969959.00
94,Empleado_94,Supervisor,1787908.00
95,Empleado_95,Barista,1755398.00
96,Empleado_96,Cajero,1480635.00
97,Empleado_97,Gerente,2283485.00
98,Empleado_98,Mesero,1761562.00
99,Empleado_99,Supervisor,1569783.00
100,Empleado_100,Barista,2567928.00
101,Empleado_101,Cajero,1678467.00
102,Empleado_102,Gerente,2200881.00
103,Empleado_103,Mesero,1480145.00
104,Empleado_104,Supervisor,2297298.00
105,Empleado_105,Barista,2021184.00
106,Empleado_106,Cajero,2984470.00
107,Empleado_107,Gerente,2677523.00
108,Empleado_108,Mesero,2606402.00
109,Empleado_109,Supervisor,2084478.00
110,Empleado_110,Barista,1126079.00
111,Empleado_111,Cajero,2098252.00
112,Empleado_112,Gerente,1644367.00
113,Empleado_113,Mesero,2383838.00
114,Empleado_114,Supervisor,2792083.00
115,Empleado_115,Barista,2817223.00
116,Empleado_116,Cajero,2756508.00
117,Empleado_117,Gerente,2910379.00
118,Empleado_118,Mesero,1739596.00
119,Empleado_119,Supervisor,2996575.00
120,Empleado_120,Barista,1667100.00
121,Empleado_121,Cajero,1093736.00
122,Empleado_122,Gerente,2595891.00
123,Empleado_123,Mesero,1223921.00
124,Empleado_124,Supervisor,2306970.00
125,Empleado_125,Barista,1408961.00
126,Empleado_126,Cajero,1632375.00
127,Empleado_127,Gerente,1257877.00
128,Empleado_128,Mesero,1539121.00
129,Empleado_129,Supervisor,1648714.00
130,Empleado_130,Barista,1750067.00
131,Empleado_131,Cajero,2608550.00
132,Empleado_132,Gerente,1814374.00
133,Empleado_133,Mesero,2271838.00
134,Empleado_134,Supervisor,1511331.00
135,Empleado_135,Barista,1073062.00
136,Empleado_136,Cajero,1800309.00
137,Empleado_137,Gerente,2527423.00
138,Empleado_138,Mesero,2651089.00
139,Empleado_139,Supervisor,1049660.00
140,Empleado_140,Barista,2958445.00
141,Empleado_141,Cajero,2982270.00
142,Empleado_142,Gerente,2470509.00
143,Empleado_143,Mesero,1213563.00
144,Empleado_144,Supervisor,1683207.00
145,Empleado_145,Barista,1509538.00
146,Empleado_146,Cajero,2280637.00
147,Empleado_147,Gerente,1393140.00
148,Empleado_148,Mesero,2054110.00
149,Empleado_149,Supervisor,1134227.00
150,Empleado_150,Barista,1295875.00
151,Empleado_151,Cajero,2769191.00
152,Empleado_152,Gerente,2383554.00
153,Empleado_153,Mesero,2835161.00
154,Empleado_154,Supervisor,1452881.00
155,Empleado_155,Barista,1450379.00
156,Empleado_156,Cajero,2116461.00
157,Empleado_157,Gerente,2517853.00
158,Empleado_158,Mesero,2052362.00
159,Empleado_159,Supervisor,1467067.00
160,Empleado_160,Barista,1795333.00
161,Empleado_161,Cajero,1522680.00
162,Empleado_162,Gerente,2082438.00
163,Empleado_163,Mesero,2061816.00
164,Empleado_164,Supervisor,2464778.00
165,Empleado_165,Barista,1891396.00
166,Empleado_166,Cajero,2968274.00
167,Empleado_167,Gerente,1711909.00
168,Empleado_168,Mesero,2994322.00
169,Empleado_169,Supervisor,2576319.00
170,Empleado_170,Barista,2014161.00
171,Empleado_171,Cajero,2511707.00
172,Empleado_172,Gerente,2624359.00
173,Empleado_173,Mesero,1556200.00
174,Empleado_174,Supervisor,1272020.00
175,Empleado_175,Barista,1196899.00
176,Empleado_176,Cajero,1810691.00
177,Empleado_177,Gerente,2289329.00
178,Empleado_178,Mesero,1587002.00
179,Empleado_179,Supervisor,2471381.00
180,Empleado_180,Barista,2358884.00
181,Empleado_181,Cajero,2343123.00
182,Empleado_182,Gerente,2040522.00
183,Empleado_183,Mesero,2077556.00
184,Empleado_184,Supervisor,1494259.00
185,Empleado_185,Barista,1453638.00
186,Empleado_186,Cajero,2262991.00
187,Empleado_187,Gerente,2379396.00
188,Empleado_188,Mesero,2780452.00
189,Empleado_189,Supervisor,2852804.00
190,Empleado_190,Barista,2603959.00
191,Empleado_191,Cajero,2576999.00
192,Empleado_192,Gerente,2456813.00
193,Empleado_193,Mesero,1013252.00
194,Empleado_194,Supervisor,2490301.00
195,Empleado_195,Barista,2950022.00
196,Empleado_196,Cajero,2682964.00
197,Empleado_197,Gerente,2179080.00
198,Empleado_198,Mesero,2339183.00
199,Empleado_199,Supervisor,2027811.00
200,Empleado_200,Barista,2677824.00
201,Empleado_201,Cajero,1014977.00
202,Empleado_202,Gerente,2240471.00
203,Empleado_203,Mesero,2190417.00
204,Empleado_204,Supervisor,1186269.00
205,Empleado_205,Barista,1200730.00
206,Empleado_206,Cajero,1685601.00
207,Empleado_207,Gerente,2111165.00
208,Empleado_208,Mesero,2065127.00
209,Empleado_209,Supervisor,2842581.00
210,Empleado_210,Barista,1359758.00
211,Empleado_211,Cajero,1818095.00
212,Empleado_212,Gerente,2109265.00
213,Empleado_213,Mesero,1753205.00
214,Empleado_214,Supervisor,2831269.00
215,Empleado_215,Barista,2752388.00
216,Empleado_216,Cajero,2842714.00
217,Empleado_217,Gerente,1976912.00
218,Empleado_218,Mesero,2774783.00
219,Empleado_219,Supervisor,1314390.00
220,Empleado_220,Barista,2578053.00
221,Empleado_221,Cajero,2562953.00
222,Empleado_222,Gerente,1761904.00
223,Empleado_223,Mesero,2859741.00
224,Empleado_224,Supervisor,2269919.00
225,Empleado_225,Barista,1314619.00
226,Empleado_226,Cajero,1773407.00
227,Empleado_227,Gerente,1534155.00
228,Empleado_228,Mesero,2498693.00
229,Empleado_229,Supervisor,2685818.00
230,Empleado_230,Barista,2624751.00
231,Empleado_231,Cajero,1925240.00
232,Empleado_232,Gerente,1162158.00
233,Empleado_233,Mesero,2464835.00
234,Empleado_234,Supervisor,2843776.00
235,Empleado_235,Barista,2809026.00
236,Empleado_236,Cajero,2157356.00
237,Empleado_237,Gerente,2964955.00
238,Empleado_238,Mesero,1612567.00
239,Empleado_239,Supervisor,1078047.00
240,Empleado_240,Barista,2651208.00
241,Empleado_241,Cajero,1735125.00
242,Empleado_242,Gerente,1624250.00
243,Empleado_243,Mesero,1124651.00
244,Empleado_244,Supervisor,1742640.00
245,Empleado_245,Barista,2842306.00
246,Empleado_246,Cajero,2609690.00
247,Empleado_247,Gerente,2287611.00
248,Empleado_248,Mesero,2140288.00
249,Empleado_249,Supervisor,1916730.00
250,Empleado_250,Barista,2449517.00
251,Empleado_251,Cajero,2899171.00
252,Empleado_252,Gerente,2279310.00
253,Empleado_253,Mesero,1502691.00
254,Empleado_254,Supervisor,1688969.00
255,Empleado_255,Barista,2354031.00
256,Empleado_256,Cajero,2893370.00
257,Empleado_257,Gerente,2325863.00
258,Empleado_258,Mesero,1708359.00
259,Empleado_259,Supervisor,1942945.00
260,Empleado_260,Barista,1748442.00
261,Empleado_261,Cajero,1566309.00
262,Empleado_262,Gerente,2052624.00
263,Empleado_263,Mesero,1346793.00
264,Empleado_264,Supervisor,2512925.00
265,Empleado_265,Barista,2178897.00
266,Empleado_266,Cajero,2128593.00
267,Empleado_267,Gerente,1764558.00
268,Empleado_268,Mesero,2707265.00
269,Empleado_269,Supervisor,1843703.00
270,Empleado_270,Barista,1525794.00
271,Empleado_271,Cajero,2223466.00
272,Empleado_272,Gerente,2780181.00
273,Empleado_273,Mesero,1556108.00
274,Empleado_274,Supervisor,2306706.00
275,Empleado_275,Barista,1512451.00
276,Empleado_276,Cajero,1489932.00
277,Empleado_277,Gerente,1018933.00
278,Empleado_278,Mesero,2338135.00
279,Empleado_279,Supervisor,2467257.00
280,Empleado_280,Barista,1422421.00
281,Empleado_281,Cajero,1338709.00
282,Empleado_282,Gerente,2268269.00
283,Empleado_283,Mesero,1707516.00
284,Empleado_284,Supervisor,2313250.00
285,Empleado_285,Barista,2062491.00
286,Empleado_286,Cajero,2433027.00
287,Empleado_287,Gerente,2179142.00
288,Empleado_288,Mesero,1661535.00
289,Empleado_289,Supervisor,2644502.00
290,Empleado_290,Barista,1200286.00
291,Empleado_291,Cajero,2726972.00
292,Empleado_292,Gerente,1219132.00
293,Empleado_293,Mesero,1519491.00
294,Empleado_294,Supervisor,1677012.00
295,Empleado_295,Barista,1153973.00
296,Empleado_296,Cajero,1168614.00
297,Empleado_297,Gerente,1869500.00
298,Empleado_298,Mesero,2430411.00
299,Empleado_299,Supervisor,2562717.00
300,Empleado_300,Barista,1866799.00
301,Empleado_301,Cajero,2052305.00
302,Empleado_302,Gerente,2562512.00
303,Empleado_303,Mesero,1251720.00
304,Empleado_304,Supervisor,2593882.00
305,Empleado_305,Barista,2606802.00
306,Empleado_306,Cajero,2212622.00
307,Empleado_307,Gerente,2591493.00
308,Empleado_308,Mesero,2078403.00
309,Empleado_309,Supervisor,2983494.00
310,Empleado_310,Barista,1130415.00
311,Empleado_311,Cajero,1335682.00
312,Empleado_312,Gerente,1377951.00
313,Empleado_313,Mesero,2544933.00
314,Empleado_314,Supervisor,2885324.00
315,Empleado_315,Barista,2834664.00
316,Empleado_316,Cajero,2696520.00
317,Empleado_317,Gerente,2738292.00
318,Empleado_318,Mesero,1260229.00
319,Empleado_319,Supervisor,1940953.00
320,Empleado_320,Barista,1039522.00
321,Empleado_321,Cajero,2187795.00
322,Empleado_322,Gerente,1143254.00
323,Empleado_323,Mesero,1227043.00
324,Empleado_324,Supervisor,2673417.00
325,Empleado_325,Barista,2942120.00
326,Empleado_326,Cajero,2697870.00
327,Empleado_327,Gerente,2538047.00
328,Empleado_328,Mesero,1547676.00
329,Empleado_329,Supervisor,1813229.00
330,Empleado_330,Barista,1208388.00
331,Empleado_331,Cajero,1018659.00
332,Empleado_332,Gerente,2557894.00
333,Empleado_333,Mesero,2796746.00
334,Empleado_334,Supervisor,2679674.00
335,Empleado_335,Barista,2561502.00
336,Empleado_336,Cajero,2357554.00
337,Empleado_337,Gerente,2573338.00
338,Empleado_338,Mesero,1341392.00
339,Empleado_339,Supervisor,1240362.00
340,Empleado_340,Barista,2797431.00
341,Empleado_341,Cajero,1118470.00
342,Empleado_342,Gerente,1470671.00
343,Empleado_343,Mesero,1072034.00
344,Empleado_344,Supervisor,2922987.00
345,Empleado_345,Barista,2410014.00
346,Empleado_346,Cajero,1472591.00
347,Empleado_347,Gerente,2881474.00
348,Empleado_348,Mesero,2752420.00
349,Empleado_349,Supervisor,2575887.00
350,Empleado_350,Barista,1274778.00
351,Empleado_351,Cajero,1492502.00
352,Empleado_352,Gerente,1127603.00
353,Empleado_353,Mesero,2087042.00
354,Empleado_354,Supervisor,1697858.00
355,Empleado_355,Barista,1017698.00
356,Empleado_356,Cajero,1863735.00
357,Empleado_357,Gerente,1785531.00
358,Empleado_358,Mesero,2413241.00
359,Empleado_359,Supervisor,1252718.00
360,Empleado_360,Barista,1613994.00
361,Empleado_361,Cajero,1655952.00
362,Empleado_362,Gerente,2083207.00
363,Empleado_363,Mesero,2615704.00
364,Empleado_364,Supervisor,2337247.00
365,Empleado_365,Barista,2494801.00
366,Empleado_366,Cajero,1332708.00
367,Empleado_367,Gerente,1092087.00
368,Empleado_368,Mesero,2969407.00
369,Empleado_369,Supervisor,1870123.00
370,Empleado_370,Barista,1470550.00
371,Empleado_371,Cajero,1854626.00
372,Empleado_372,Gerente,1382781.00
373,Empleado_373,Mesero,2112467.00
374,Empleado_374,Supervisor,1192974.00
375,Empleado_375,Barista,1570568.00
376,Empleado_376,Cajero,1838086.00
377,Empleado_377,Gerente,2929844.00
378,Empleado_378,Mesero,1545828.00
379,Empleado_379,Supervisor,1491046.00
380,Empleado_380,Barista,2603650.00
381,Empleado_381,Cajero,1558111.00
382,Empleado_382,Gerente,1482343.00
383,Empleado_383,Mesero,2576647.00
384,Empleado_384,Supervisor,2980273.00
385,Empleado_385,Barista,2803631.00
386,Empleado_386,Cajero,2515915.00
387,Empleado_387,Gerente,2304654.00
388,Empleado_388,Mesero,2612890.00
389,Empleado_389,Supervisor,2854468.00
390,Empleado_390,Barista,2064333.00
391,Empleado_391,Cajero,2248112.00
392,Empleado_392,Gerente,1516367.00
393,Empleado_393,Mesero,2838720.00
394,Empleado_394,Supervisor,1094084.00
395,Empleado_395,Barista,2444489.00
396,Empleado_396,Cajero,2171094.00
397,Empleado_397,Gerente,1012132.00
398,Empleado_398,Mesero,1809342.00
399,Empleado_399,Supervisor,1201927.00
400,Empleado_400,Barista,2320312.00
401,Empleado_401,Cajero,1025997.00
402,Empleado_402,Gerente,1672952.00
403,Empleado_403,Mesero,2318221.00
404,Empleado_404,Supervisor,1695449.00
405,Empleado_405,Barista,1975401.00
406,Empleado_406,Cajero,1483756.00
407,Empleado_407,Gerente,2532727.00
408,Empleado_408,Mesero,1968490.00
409,Empleado_409,Supervisor,2902328.00
410,Empleado_410,Barista,1902622.00
411,Empleado_411,Cajero,2034319.00
412,Empleado_412,Gerente,2386066.00
413,Empleado_413,Mesero,2897109.00
414,Empleado_414,Supervisor,1250319.00
415,Empleado_415,Barista,2065160.00
416,Empleado_416,Cajero,1147145.00
417,Empleado_417,Gerente,1102704.00
418,Empleado_418,Mesero,1188207.00
419,Empleado_419,Supervisor,1589840.00
420,Empleado_420,Barista,2589510.00
421,Empleado_421,Cajero,2655669.00
422,Empleado_422,Gerente,1807780.00
423,Empleado_423,Mesero,2527590.00
424,Empleado_424,Supervisor,2754480.00
425,Empleado_425,Barista,1477162.00
426,Empleado_426,Cajero,1830106.00
427,Empleado_427,Gerente,1743341.00
428,Empleado_428,Mesero,1399666.00
429,Empleado_429,Supervisor,2392122.00
430,Empleado_430,Barista,2411331.00
431,Empleado_431,Cajero,1692919.00
432,Empleado_432,Gerente,2914556.00
433,Empleado_433,Mesero,2838485.00
434,Empleado_434,Supervisor,2756020.00
435,Empleado_435,Barista,1846272.00
436,Empleado_436,Cajero,1499698.00
437,Empleado_437,Gerente,1089449.00
438,Empleado_438,Mesero,2982104.00
439,Empleado_439,Supervisor,2729424.00
440,Empleado_440,Barista,1107504.00
441,Empleado_441,Cajero,1402360.00
442,Empleado_442,Gerente,2921662.00
443,Empleado_443,Mesero,1727112.00
444,Empleado_444,Supervisor,2039368.00
445,Empleado_445,Barista,2531466.00
446,Empleado_446,Cajero,2306238.00
447,Empleado_447,Gerente,2329329.00
448,Empleado_448,Mesero,1182094.00
449,Empleado_449,Supervisor,1617570.00
450,Empleado_450,Barista,1396076.00
451,Empleado_451,Cajero,1988465.00
452,Empleado_452,Gerente,2049001.00
453,Empleado_453,Mesero,1223619.00
454,Empleado_454,Supervisor,2080732.00
455,Empleado_455,Barista,1787609.00
456,Empleado_456,Cajero,1546362.00
457,Empleado_457,Gerente,2484218.00
458,Empleado_458,Mesero,2955848.00
459,Empleado_459,Supervisor,2097269.00
460,Empleado_460,Barista,1420901.00
461,Empleado_461,Cajero,2381170.00
462,Empleado_462,Gerente,1185488.00
463,Empleado_463,Mesero,1877490.00
464,Empleado_464,Supervisor,1017089.00
465,Empleado_465,Barista,2608445.00
466,Empleado_466,Cajero,2676993.00
467,Empleado_467,Gerente,2333280.00
468,Empleado_468,Mesero,2351259.00
469,Empleado_469,Supervisor,2575431.00
470,Empleado_470,Barista,1503836.00
471,Empleado_471,Cajero,1326584.00
472,Empleado_472,Gerente,1457398.00
473,Empleado_473,Mesero,1279124.00
474,Empleado_474,Supervisor,1312298.00
475,Empleado_475,Barista,1344706.00
476,Empleado_476,Cajero,2626077.00
477,Empleado_477,Gerente,1657936.00
478,Empleado_478,Mesero,2997826.00
479,Empleado_479,Supervisor,1196473.00
480,Empleado_480,Barista,2803938.00
481,Empleado_481,Cajero,2333260.00
482,Empleado_482,Gerente,2030792.00
483,Empleado_483,Mesero,1379571.00
484,Empleado_484,Supervisor,2453381.00
485,Empleado_485,Barista,1565488.00
486,Empleado_486,Cajero,2852435.00
487,Empleado_487,Gerente,2515123.00
488,Empleado_488,Mesero,2443886.00
489,Empleado_489,Supervisor,2460584.00
490,Empleado_490,Barista,2155757.00
491,Empleado_491,Cajero,1508383.00
492,Empleado_492,Gerente,2499545.00
493,Empleado_493,Mesero,2675676.00
494,Empleado_494,Supervisor,1145630.00
495,Empleado_495,Barista,2761997.00
496,Empleado_496,Cajero,1746158.00
497,Empleado_497,Gerente,2597520.00
498,Empleado_498,Mesero,1983734.00
499,Empleado_499,Supervisor,1042710.00
500,Empleado_500,Barista,1328908.00
501,Empleado_501,Cajero,2788631.00
502,Empleado_502,Gerente,1403087.00
503,Empleado_503,Mesero,2988933.00
504,Empleado_504,Supervisor,1055221.00
505,Empleado_505,Barista,2748863.00
506,Empleado_506,Cajero,2531947.00
507,Empleado_507,Gerente,2537180.00
508,Empleado_508,Mesero,2614968.00
509,Empleado_509,Supervisor,2655339.00
510,Empleado_510,Barista,2818377.00
511,Empleado_511,Cajero,1209174.00
512,Empleado_512,Gerente,2140773.00
513,Empleado_513,Mesero,1238280.00
514,Empleado_514,Supervisor,2267204.00
515,Empleado_515,Barista,2471571.00
516,Empleado_516,Cajero,2064891.00
517,Empleado_517,Gerente,2371406.00
518,Empleado_518,Mesero,1403264.00
519,Empleado_519,Supervisor,2261972.00
520,Empleado_520,Barista,1520342.00
521,Empleado_521,Cajero,1117037.00
522,Empleado_522,Gerente,2413132.00
523,Empleado_523,Mesero,2954656.00
524,Empleado_524,Supervisor,2990352.00
525,Empleado_525,Barista,1148730.00
526,Empleado_526,Cajero,2829511.00
527,Empleado_527,Gerente,2052191.00
528,Empleado_528,Mesero,2608335.00
529,Empleado_529,Supervisor,2186567.00
530,Empleado_530,Barista,1693603.00
531,Empleado_531,Cajero,1421135.00
532,Empleado_532,Gerente,2258489.00
533,Empleado_533,Mesero,1200134.00
534,Empleado_534,Supervisor,1334745.00
535,Empleado_535,Barista,1715722.00
536,Empleado_536,Cajero,1526949.00
537,Empleado_537,Gerente,2343311.00
538,Empleado_538,Mesero,1034905.00
539,Empleado_539,Supervisor,2927148.00
540,Empleado_540,Barista,2983851.00
541,Empleado_541,Cajero,1208595.00
542,Empleado_542,Gerente,1546124.00
543,Empleado_543,Mesero,2912224.00
544,Empleado_544,Supervisor,2973172.00
545,Empleado_545,Barista,2205309.00
546,Empleado_546,Cajero,1350502.00
547,Empleado_547,Gerente,1384122.00
548,Empleado_548,Mesero,2029314.00
549,Empleado_549,Supervisor,1371298.00
550,Empleado_550,Barista,1042879.00
551,Empleado_551,Cajero,2732292.00
552,Empleado_552,Gerente,2096331.00
553,Empleado_553,Mesero,2770099.00
554,Empleado_554,Supervisor,1929724.00
555,Empleado_555,Barista,1422927.00
556,Empleado_556,Cajero,2079767.00
557,Empleado_557,Gerente,1184428.00
558,Empleado_558,Mesero,1112764.00
559,Empleado_559,Supervisor,1553499.00
560,Empleado_560,Barista,2558836.00
561,Empleado_561,Cajero,2342495.00
562,Empleado_562,Gerente,2064887.00
563,Empleado_563,Mesero,1671469.00
564,Empleado_564,Supervisor,1816894.00
565,Empleado_565,Barista,1664085.00
566,Empleado_566,Cajero,1763596.00
567,Empleado_567,Gerente,2572531.00
568,Empleado_568,Mesero,1191835.00
569,Empleado_569,Supervisor,2672391.00
570,Empleado_570,Barista,2609510.00
571,Empleado_571,Cajero,1412245.00
572,Empleado_572,Gerente,1596474.00
573,Empleado_573,Mesero,2595338.00
574,Empleado_574,Supervisor,1227828.00
575,Empleado_575,Barista,1993288.00
576,Empleado_576,Cajero,2509817.00
577,Empleado_577,Gerente,1619178.00
578,Empleado_578,Mesero,1532197.00
579,Empleado_579,Supervisor,2958473.00
580,Empleado_580,Barista,2218030.00
581,Empleado_581,Cajero,1170115.00
582,Empleado_582,Gerente,2495395.00
583,Empleado_583,Mesero,1207450.00
584,Empleado_584,Supervisor,1698420.00
585,Empleado_585,Barista,2491380.00
586,Empleado_586,Cajero,2230247.00
587,Empleado_587,Gerente,1364378.00
588,Empleado_588,Mesero,2456243.00
589,Empleado_589,Supervisor,1132086.00
590,Empleado_590,Barista,1977898.00
591,Empleado_591,Cajero,2065626.00
592,Empleado_592,Gerente,1384223.00
593,Empleado_593,Mesero,1858823.00
594,Empleado_594,Supervisor,1635996.00
595,Empleado_595,Barista,1913385.00
596,Empleado_596,Cajero,2165901.00
597,Empleado_597,Gerente,1677334.00
598,Empleado_598,Mesero,1105699.00
599,Empleado_599,Supervisor,2706000.00
600,Empleado_600,Barista,2408535.00
601,Empleado_601,Cajero,2046817.00
602,Empleado_602,Gerente,1655497.00
603,Empleado_603,Mesero,2908684.00
604,Empleado_604,Supervisor,1135733.00
605,Empleado_605,Barista,2129885.00
606,Empleado_606,Cajero,2162732.00
607,Empleado_607,Gerente,2144601.00
608,Empleado_608,Mesero,2183737.00
609,Empleado_609,Supervisor,2026035.00
610,Empleado_610,Barista,1624086.00
611,Empleado_611,Cajero,1894294.00
612,Empleado_612,Gerente,1833383.00
613,Empleado_613,Mesero,1036356.00
614,Empleado_614,Supervisor,1113962.00
615,Empleado_615,Barista,1471328.00
616,Empleado_616,Cajero,2107573.00
617,Empleado_617,Gerente,2672389.00
618,Empleado_618,Mesero,1628833.00
619,Empleado_619,Supervisor,2618223.00
620,Empleado_620,Barista,1388059.00
621,Empleado_621,Cajero,1575372.00
622,Empleado_622,Gerente,1427636.00
623,Empleado_623,Mesero,1151778.00
624,Empleado_624,Supervisor,1569460.00
625,Empleado_625,Barista,1034504.00
626,Empleado_626,Cajero,2256260.00
627,Empleado_627,Gerente,1417392.00
628,Empleado_628,Mesero,1944584.00
629,Empleado_629,Supervisor,1668297.00
630,Empleado_630,Barista,1484639.00
631,Empleado_631,Cajero,1338001.00
632,Empleado_632,Gerente,1584229.00
633,Empleado_633,Mesero,2894650.00
634,Empleado_634,Supervisor,1603267.00
635,Empleado_635,Barista,1626413.00
636,Empleado_636,Cajero,1358302.00
637,Empleado_637,Gerente,1618214.00
638,Empleado_638,Mesero,2917559.00
639,Empleado_639,Supervisor,2357702.00
640,Empleado_640,Barista,2872940.00
641,Empleado_641,Cajero,2171367.00
642,Empleado_642,Gerente,2141991.00
643,Empleado_643,Mesero,2461963.00
644,Empleado_644,Supervisor,1583146.00
645,Empleado_645,Barista,1976211.00
646,Empleado_646,Cajero,2426209.00
647,Empleado_647,Gerente,2596379.00
648,Empleado_648,Mesero,2790624.00
649,Empleado_649,Supervisor,1980937.00
650,Empleado_650,Barista,1288309.00
651,Empleado_651,Cajero,1208763.00
652,Empleado_652,Gerente,2546878.00
653,Empleado_653,Mesero,2376263.00
654,Empleado_654,Supervisor,2735146.00
655,Empleado_655,Barista,2836122.00
656,Empleado_656,Cajero,1582496.00
657,Empleado_657,Gerente,2804016.00
658,Empleado_658,Mesero,2826701.00
659,Empleado_659,Supervisor,1802175.00
660,Empleado_660,Barista,1844770.00
661,Empleado_661,Cajero,1414571.00
662,Empleado_662,Gerente,1332099.00
663,Empleado_663,Mesero,2988606.00
664,Empleado_664,Supervisor,2216864.00
665,Empleado_665,Barista,2480548.00
666,Empleado_666,Cajero,2910407.00
667,Empleado_667,Gerente,1153378.00
668,Empleado_668,Mesero,2432239.00
669,Empleado_669,Supervisor,2241179.00
670,Empleado_670,Barista,1670233.00
671,Empleado_671,Cajero,1094663.00
672,Empleado_672,Gerente,1335241.00
673,Empleado_673,Mesero,2469287.00
674,Empleado_674,Supervisor,1389408.00
675,Empleado_675,Barista,2507289.00
676,Empleado_676,Cajero,1915237.00
677,Empleado_677,Gerente,1498986.00
678,Empleado_678,Mesero,1246967.00
679,Empleado_679,Supervisor,1253831.00
680,Empleado_680,Barista,1013642.00
681,Empleado_681,Cajero,2952264.00
682,Empleado_682,Gerente,1364290.00
683,Empleado_683,Mesero,1459843.00
684,Empleado_684,Supervisor,2896780.00
685,Empleado_685,Barista,1916793.00
686,Empleado_686,Cajero,1663001.00
687,Empleado_687,Gerente,1014525.00
688,Empleado_688,Mesero,2422992.00
689,Empleado_689,Supervisor,1894033.00
690,Empleado_690,Barista,1939579.00
691,Empleado_691,Cajero,1539605.00
692,Empleado_692,Gerente,2411386.00
693,Empleado_693,Mesero,2710437.00
694,Empleado_694,Supervisor,2084337.00
695,Empleado_695,Barista,2299585.00
696,Empleado_696,Cajero,1383437.00
697,Empleado_697,Gerente,1969428.00
698,Empleado_698,Mesero,2840436.00
699,Empleado_699,Supervisor,2281635.00
700,Empleado_700,Barista,2926927.00
701,Empleado_701,Cajero,2187969.00
702,Empleado_702,Gerente,1863674.00
703,Empleado_703,Mesero,1329484.00
704,Empleado_704,Supervisor,1500764.00
705,Empleado_705,Barista,1308263.00
706,Empleado_706,Cajero,2671273.00
707,Empleado_707,Gerente,1696557.00
708,Empleado_708,Mesero,2863234.00
709,Empleado_709,Supervisor,2470681.00
710,Empleado_710,Barista,1137351.00
711,Empleado_711,Cajero,2950709.00
712,Empleado_712,Gerente,2061472.00
713,Empleado_713,Mesero,2081955.00
714,Empleado_714,Supervisor,1252496.00
715,Empleado_715,Barista,2393440.00
716,Empleado_716,Cajero,1493786.00
717,Empleado_717,Gerente,2206383.00
718,Empleado_718,Mesero,2285725.00
719,Empleado_719,Supervisor,2622546.00
720,Empleado_720,Barista,1622691.00
721,Empleado_721,Cajero,2797226.00
722,Empleado_722,Gerente,1110031.00
723,Empleado_723,Mesero,1580513.00
724,Empleado_724,Supervisor,2612663.00
725,Empleado_725,Barista,1481678.00
726,Empleado_726,Cajero,2749501.00
727,Empleado_727,Gerente,1623368.00
728,Empleado_728,Mesero,1887294.00
729,Empleado_729,Supervisor,1418309.00
730,Empleado_730,Barista,1402961.00
731,Empleado_731,Cajero,1531678.00
732,Empleado_732,Gerente,1610666.00
733,Empleado_733,Mesero,2325688.00
734,Empleado_734,Supervisor,2265349.00
735,Empleado_735,Barista,1270967.00
736,Empleado_736,Cajero,2720698.00
737,Empleado_737,Gerente,1344531.00
738,Empleado_738,Mesero,2882283.00
739,Empleado_739,Supervisor,2527509.00
740,Empleado_740,Barista,1278628.00
741,Empleado_741,Cajero,2053341.00
742,Empleado_742,Gerente,2249469.00
743,Empleado_743,Mesero,1726583.00
744,Empleado_744,Supervisor,2204785.00
745,Empleado_745,Barista,1801735.00
746,Empleado_746,Cajero,2576024.00
747,Empleado_747,Gerente,1286024.00
748,Empleado_748,Mesero,1220161.00
749,Empleado_749,Supervisor,1204566.00
750,Empleado_750,Barista,1267314.00
751,Empleado_751,Cajero,2290829.00
752,Empleado_752,Gerente,2239315.00
753,Empleado_753,Mesero,2336706.00
754,Empleado_754,Supervisor,2857622.00
755,Empleado_755,Barista,1576124.00
756,Empleado_756,Cajero,2726348.00
757,Empleado_757,Gerente,2683756.00
758,Empleado_758,Mesero,1645110.00
759,Empleado_759,Supervisor,2821288.00
760,Empleado_760,Barista,1050612.00
761,Empleado_761,Cajero,2437504.00
762,Empleado_762,Gerente,2809459.00
763,Empleado_763,Mesero,2770573.00
764,Empleado_764,Supervisor,1633580.00
765,Empleado_765,Barista,1546887.00
766,Empleado_766,Cajero,2035834.00
767,Empleado_767,Gerente,1564371.00
768,Empleado_768,Mesero,1375105.00
769,Empleado_769,Supervisor,1144523.00
770,Empleado_770,Barista,1206013.00
771,Empleado_771,Cajero,2913395.00
772,Empleado_772,Gerente,1012915.00
773,Empleado_773,Mesero,1640602.00
774,Empleado_774,Supervisor,2092478.00
775,Empleado_775,Barista,1976024.00
776,Empleado_776,Cajero,2626869.00
777,Empleado_777,Gerente,2914467.00
778,Empleado_778,Mesero,2911316.00
779,Empleado_779,Supervisor,1966955.00
780,Empleado_780,Barista,1640453.00
781,Empleado_781,Cajero,1977394.00
782,Empleado_782,Gerente,1098224.00
783,Empleado_783,Mesero,1617616.00
784,Empleado_784,Supervisor,2534619.00
785,Empleado_785,Barista,1107736.00
786,Empleado_786,Cajero,1345209.00
787,Empleado_787,Gerente,2328316.00
788,Empleado_788,Mesero,2015983.00
789,Empleado_789,Supervisor,2737825.00
790,Empleado_790,Barista,2013332.00
791,Empleado_791,Cajero,1342656.00
792,Empleado_792,Gerente,1726362.00
793,Empleado_793,Mesero,1034942.00
794,Empleado_794,Supervisor,2444026.00
795,Empleado_795,Barista,2709333.00
796,Empleado_796,Cajero,1627779.00
797,Empleado_797,Gerente,2254120.00
798,Empleado_798,Mesero,2055028.00
799,Empleado_799,Supervisor,2543316.00
800,Empleado_800,Barista,1138096.00
801,Empleado_801,Cajero,1686646.00
802,Empleado_802,Gerente,2974531.00
803,Empleado_803,Mesero,1363399.00
804,Empleado_804,Supervisor,2134417.00
805,Empleado_805,Barista,2502330.00
806,Empleado_806,Cajero,1394243.00
807,Empleado_807,Gerente,2850063.00
808,Empleado_808,Mesero,2256738.00
809,Empleado_809,Supervisor,2142381.00
810,Empleado_810,Barista,2724082.00
811,Empleado_811,Cajero,1067165.00
812,Empleado_812,Gerente,2810051.00
813,Empleado_813,Mesero,1143891.00
814,Empleado_814,Supervisor,2502376.00
815,Empleado_815,Barista,2039659.00
816,Empleado_816,Cajero,1912144.00
817,Empleado_817,Gerente,2168105.00
818,Empleado_818,Mesero,1207286.00
819,Empleado_819,Supervisor,2777186.00
820,Empleado_820,Barista,1982638.00
821,Empleado_821,Cajero,1373751.00
822,Empleado_822,Gerente,1557144.00
823,Empleado_823,Mesero,2209908.00
824,Empleado_824,Supervisor,2990987.00
825,Empleado_825,Barista,1774789.00
826,Empleado_826,Cajero,2935489.00
827,Empleado_827,Gerente,1897339.00
828,Empleado_828,Mesero,2690075.00
829,Empleado_829,Supervisor,1462762.00
830,Empleado_830,Barista,1574804.00
831,Empleado_831,Cajero,1568280.00
832,Empleado_832,Gerente,1796967.00
833,Empleado_833,Mesero,2434961.00
834,Empleado_834,Supervisor,1827555.00
835,Empleado_835,Barista,2413451.00
836,Empleado_836,Cajero,2699143.00
837,Empleado_837,Gerente,1832756.00
838,Empleado_838,Mesero,2473648.00
839,Empleado_839,Supervisor,2717672.00
840,Empleado_840,Barista,2452272.00
841,Empleado_841,Cajero,2002480.00
842,Empleado_842,Gerente,1758579.00
843,Empleado_843,Mesero,2897181.00
844,Empleado_844,Supervisor,2512951.00
845,Empleado_845,Barista,2511122.00
846,Empleado_846,Cajero,1727699.00
847,Empleado_847,Gerente,2303248.00
848,Empleado_848,Mesero,2102676.00
849,Empleado_849,Supervisor,1695301.00
850,Empleado_850,Barista,2438215.00
851,Empleado_851,Cajero,1916491.00
852,Empleado_852,Gerente,1009465.00
853,Empleado_853,Mesero,1483608.00
854,Empleado_854,Supervisor,2843894.00
855,Empleado_855,Barista,2034905.00
856,Empleado_856,Cajero,2974291.00
857,Empleado_857,Gerente,1165000.00
858,Empleado_858,Mesero,1964071.00
859,Empleado_859,Supervisor,2487396.00
860,Empleado_860,Barista,2623122.00
861,Empleado_861,Cajero,2760881.00
862,Empleado_862,Gerente,2051282.00
863,Empleado_863,Mesero,1308671.00
864,Empleado_864,Supervisor,1466662.00
865,Empleado_865,Barista,2932442.00
866,Empleado_866,Cajero,1430722.00
867,Empleado_867,Gerente,2991833.00
868,Empleado_868,Mesero,1572336.00
869,Empleado_869,Supervisor,1676275.00
870,Empleado_870,Barista,2101117.00
871,Empleado_871,Cajero,1580486.00
872,Empleado_872,Gerente,1405625.00
873,Empleado_873,Mesero,1497269.00
874,Empleado_874,Supervisor,1145711.00
875,Empleado_875,Barista,1846289.00
876,Empleado_876,Cajero,1560680.00
877,Empleado_877,Gerente,2605828.00
878,Empleado_878,Mesero,2536026.00
879,Empleado_879,Supervisor,2688476.00
880,Empleado_880,Barista,2594371.00
881,Empleado_881,Cajero,2387412.00
882,Empleado_882,Gerente,1050722.00
883,Empleado_883,Mesero,1557103.00
884,Empleado_884,Supervisor,1173564.00
885,Empleado_885,Barista,2915905.00
886,Empleado_886,Cajero,2964502.00
887,Empleado_887,Gerente,1391434.00
888,Empleado_888,Mesero,2389127.00
889,Empleado_889,Supervisor,1231836.00
890,Empleado_890,Barista,2094172.00
891,Empleado_891,Cajero,1560415.00
892,Empleado_892,Gerente,1126212.00
893,Empleado_893,Mesero,1960873.00
894,Empleado_894,Supervisor,2788093.00
895,Empleado_895,Barista,2703359.00
896,Empleado_896,Cajero,2010875.00
897,Empleado_897,Gerente,1617829.00
898,Empleado_898,Mesero,1630097.00
899,Empleado_899,Supervisor,2744762.00
900,Empleado_900,Barista,2566174.00
901,Empleado_901,Cajero,1305940.00
902,Empleado_902,Gerente,2231690.00
903,Empleado_903,Mesero,2984607.00
904,Empleado_904,Supervisor,2877372.00
905,Empleado_905,Barista,2714480.00
906,Empleado_906,Cajero,2832911.00
907,Empleado_907,Gerente,1164082.00
908,Empleado_908,Mesero,2748530.00
909,Empleado_909,Supervisor,2864079.00
910,Empleado_910,Barista,1373526.00
911,Empleado_911,Cajero,1022619.00
912,Empleado_912,Gerente,1910227.00
913,Empleado_913,Mesero,2713398.00
914,Empleado_914,Supervisor,1275810.00
915,Empleado_915,Barista,1990358.00
916,Empleado_916,Cajero,1463092.00
917,Empleado_917,Gerente,2086602.00
918,Empleado_918,Mesero,1158481.00
919,Empleado_919,Supervisor,2497119.00
920,Empleado_920,Barista,2489570.00
921,Empleado_921,Cajero,1513791.00
922,Empleado_922,Gerente,2122191.00
923,Empleado_923,Mesero,2697744.00
924,Empleado_924,Supervisor,2688376.00
925,Empleado_925,Barista,2571294.00
926,Empleado_926,Cajero,2092068.00
927,Empleado_927,Gerente,2592205.00
928,Empleado_928,Mesero,2087436.00
929,Empleado_929,Supervisor,1471009.00
930,Empleado_930,Barista,2517916.00
931,Empleado_931,Cajero,1914873.00
932,Empleado_932,Gerente,2760612.00
933,Empleado_933,Mesero,1073193.00
934,Empleado_934,Supervisor,1804462.00
935,Empleado_935,Barista,2965223.00
936,Empleado_936,Cajero,2561606.00
937,Empleado_937,Gerente,1135971.00
938,Empleado_938,Mesero,2585433.00
939,Empleado_939,Supervisor,2984317.00
940,Empleado_940,Barista,1954012.00
941,Empleado_941,Cajero,2272869.00
942,Empleado_942,Gerente,1902571.00
943,Empleado_943,Mesero,1313408.00
944,Empleado_944,Supervisor,1201219.00
945,Empleado_945,Barista,2747503.00
946,Empleado_946,Cajero,2553679.00
947,Empleado_947,Gerente,1472993.00
948,Empleado_948,Mesero,2613420.00
949,Empleado_949,Supervisor,1634792.00
950,Empleado_950,Barista,1893122.00
951,Empleado_951,Cajero,1942764.00
952,Empleado_952,Gerente,2186436.00
953,Empleado_953,Mesero,1540640.00
954,Empleado_954,Supervisor,2734267.00
955,Empleado_955,Barista,2517191.00
956,Empleado_956,Cajero,2518946.00
957,Empleado_957,Gerente,2649256.00
958,Empleado_958,Mesero,1934488.00
959,Empleado_959,Supervisor,1238281.00
960,Empleado_960,Barista,2755330.00
961,Empleado_961,Cajero,2616344.00
962,Empleado_962,Gerente,2998161.00
963,Empleado_963,Mesero,2386054.00
964,Empleado_964,Supervisor,2600356.00
965,Empleado_965,Barista,1688108.00
966,Empleado_966,Cajero,1782963.00
967,Empleado_967,Gerente,2423278.00
968,Empleado_968,Mesero,2368544.00
969,Empleado_969,Supervisor,1337236.00
970,Empleado_970,Barista,2839238.00
971,Empleado_971,Cajero,1034880.00
972,Empleado_972,Gerente,1624548.00
973,Empleado_973,Mesero,1505216.00
974,Empleado_974,Supervisor,2836527.00
975,Empleado_975,Barista,1095047.00
976,Empleado_976,Cajero,1570928.00
977,Empleado_977,Gerente,1781174.00
978,Empleado_978,Mesero,1723718.00
979,Empleado_979,Supervisor,2518914.00
980,Empleado_980,Barista,1342477.00
981,Empleado_981,Cajero,1009895.00
982,Empleado_982,Gerente,2183532.00
983,Empleado_983,Mesero,2582126.00
984,Empleado_984,Supervisor,2020917.00
985,Empleado_985,Barista,2015031.00
986,Empleado_986,Cajero,2664336.00
987,Empleado_987,Gerente,1111244.00
988,Empleado_988,Mesero,2768760.00
989,Empleado_989,Supervisor,1552944.00
990,Empleado_990,Barista,2238458.00
991,Empleado_991,Cajero,1762096.00
992,Empleado_992,Gerente,1294102.00
993,Empleado_993,Mesero,2213739.00
994,Empleado_994,Supervisor,2749350.00
995,Empleado_995,Barista,1410986.00
996,Empleado_996,Cajero,1481625.00
997,Empleado_997,Gerente,1162543.00
998,Empleado_998,Mesero,1175372.00
999,Empleado_999,Supervisor,2553243.00
1000,Empleado_1000,Barista,1654595.00
