id_metodo,tipo
1,Metodo_1
2,Metodo_2
3,Metodo_3
4,Metodo_4
5,Metodo_5
6,Metodo_6
7,Metodo_7
8,Metodo_8
9,Metodo_9
10,Metodo_10
11,Metodo_11
12,Metodo_12
13,Metodo_13
14,Metodo_14
15,Metodo_15
16,Metodo_16
17,Metodo_17
18,Metodo_18
19,Metodo_19
20,Metodo_20
21,Metodo_21
22,Metodo_22
23,Metodo_23
24,Metodo_24
25,Metodo_25
26,Metodo_26
27,Metodo_27
28,Metodo_28
29,Metodo_29
30,Metodo_30
31,Metodo_31
32,Metodo_32
33,Metodo_33
34,Metodo_34
35,Metodo_35
36,Metodo_36
37,Metodo_37
38,Metodo_38
39,Metodo_39
40,Metodo_40
41,Metodo_41
42,Metodo_42
43,Metodo_43
44,Metodo_44
45,Metodo_45
46,Metodo_46
47,Metodo_47
48,Metodo_48
49,Metodo_49
50,Metodo_50
51,Metodo_51
52,Metodo_52
53,Metodo_53
54,Metodo_54
55,Metodo_55
56,Metodo_56
57,Metodo_57
58,Metodo_58
59,Metodo_59
60,Metodo_60
61,Metodo_61
62,Metodo_62
63,Metodo_63
64,Metodo_64
65,Metodo_65
66,Metodo_66
67,Metodo_67
68,Metodo_68
69,Metodo_69
70,Metodo_70
71,Metodo_71
72,Metodo_72
73,Metodo_73
74,Metodo_74
75,Metodo_75
76,Metodo_76
77,Metodo_77
78,Metodo_78
79,Metodo_79
80,Metodo_80
81,Metodo_81
82,Metodo_82
83,Metodo_83
84,Metodo_84
85,Metodo_85
86,Metodo_86
87,Metodo_87
88,Metodo_88
89,Metodo_89
90,Metodo_90
91,Metodo_91
92,Metodo_92
93,Metodo_93
94,Metodo_94
95,Metodo_95
96,Metodo_96
97,Metodo_97
98,Metodo_98
99,Metodo_99
100,Metodo_100
101,Metodo_101
102,Metodo_102
103,Metodo_103
104,Metodo_104
105,Metodo_105
106,Metodo_106
107,Metodo_107
108,Metodo_108
109,Metodo_109
110,Metodo_110
111,Metodo_111
112,Metodo_112
113,Metodo_113
114,Metodo_114
115,Metodo_115
116,Metodo_116
117,Metodo_117
118,Metodo_118
119,Metodo_119
120,Metodo_120
121,Metodo_121
122,Metodo_122
123,Metodo_123
124,Metodo_124
125,Metodo_125
126,Metodo_126
127,Metodo_127
128,Metodo_128
129,Metodo_129
130,Metodo_130
131,Metodo_131
132,Metodo_132
133,Metodo_133
134,Metodo_134
135,Metodo_135
136,Metodo_136
137,Metodo_137
138,Metodo_138
139,Metodo_139
140,Metodo_140
141,Metodo_141
142,Metodo_142
143,Metodo_143
144,Metodo_144
145,Metodo_145
146,Metodo_146
147,Metodo_147
148,Metodo_148
149,Metodo_149
150,Metodo_150
151,Metodo_151
152,Metodo_152
153,Metodo_153
154,Metodo_154
155,Metodo_155
156,Metodo_156
157,Metodo_157
158,Metodo_158
159,Metodo_159
160,Metodo_160
161,Metodo_161
162,Metodo_162
163,Metodo_163
164,Metodo_164
165,Metodo_165
166,Metodo_166
167,Metodo_167
168,Metodo_168
169,Metodo_169
170,Metodo_170
171,Metodo_171
172,Metodo_172
173,Metodo_173
174,Metodo_174
175,Metodo_175
176,Metodo_176
177,Metodo_177
178,Metodo_178
179,Metodo_179
180,Metodo_180
181,Metodo_181
182,Metodo_182
183,Metodo_183
184,Metodo_184
185,Metodo_185
186,Metodo_186
187,Metodo_187
188,Metodo_188
189,Metodo_189
190,Metodo_190
191,Metodo_191
192,Metodo_192
193,Metodo_193
194,Metodo_194
195,Metodo_195
196,Metodo_196
197,Metodo_197
198,Metodo_198
199,Metodo_199
200,Metodo_200
201,Metodo_201
202,Metodo_202
203,Metodo_203
204,Metodo_204
205,Metodo_205
206,Metodo_206
207,Metodo_207
208,Metodo_208
209,Metodo_209
210,Metodo_210
211,Metodo_211
212,Metodo_212
213,Metodo_213
214,Metodo_214
215,Metodo_215
216,Metodo_216
217,Metodo_217
218,Metodo_218
219,Metodo_219
220,Metodo_220
221,Metodo_221
222,Metodo_222
223,Metodo_223
224,Metodo_224
225,Metodo_225
226,Metodo_226
227,Metodo_227
228,Metodo_228
229,Metodo_229
230,Metodo_230
231,Metodo_231
232,Metodo_232
233,Metodo_233
234,Metodo_234
235,Metodo_235
236,Metodo_236
237,Metodo_237
238,Metodo_238
239,Metodo_239
240,Metodo_240
241,Metodo_241
242,Metodo_242
243,Metodo_243
244,Metodo_244
245,Metodo_245
246,Metodo_246
247,Metodo_247
248,Metodo_248
249,Metodo_249
250,Metodo_250
251,Metodo_251
252,Metodo_252
253,Metodo_253
254,Metodo_254
255,Metodo_255
256,Metodo_256
257,Metodo_257
258,Metodo_258
259,Metodo_259
260,Metodo_260
261,Metodo_261
262,Metodo_262
263,Metodo_263
264,Metodo_264
265,Metodo_265
266,Metodo_266
267,Metodo_267
268,Metodo_268
269,Metodo_269
270,Metodo_270
271,Metodo_271
272,Metodo_272
273,Metodo_273
274,Metodo_274
275,Metodo_275
276,Metodo_276
277,Metodo_277
278,Metodo_278
279,Metodo_279
280,Metodo_280
281,Metodo_281
282,Metodo_282
283,Metodo_283
284,Metodo_284
285,Metodo_285
286,Metodo_286
287,Metodo_287
288,Metodo_288
289,Metodo_289
290,Metodo_290
291,Metodo_291
292,Metodo_292
293,Metodo_293
294,Metodo_294
295,Metodo_295
296,Metodo_296
297,Metodo_297
298,Metodo_298
299,Metodo_299
300,Metodo_300
301,Metodo_301
302,Metodo_302
303,Metodo_303
304,Metodo_304
305,Metodo_305
306,Metodo_306
307,Metodo_307
308,Metodo_308
309,Metodo_309
310,Metodo_310
311,Metodo_311
312,Metodo_312
313,Metodo_313
314,Metodo_314
315,Metodo_315
316,Metodo_316
317,Metodo_317
318,Metodo_318
319,Metodo_319
320,Metodo_320
321,Metodo_321
322,Metodo_322
323,Metodo_323
324,Metodo_324
325,Metodo_325
326,Metodo_326
327,Metodo_327
328,Metodo_328
329,Metodo_329
330,Metodo_330
331,Metodo_331
332,Metodo_332
333,Metodo_333
334,Metodo_334
335,Metodo_335
336,Metodo_336
337,Metodo_337
338,Metodo_338
339,Metodo_339
340,Metodo_340
341,Metodo_341
342,Metodo_342
343,Metodo_343
344,Metodo_344
345,Metodo_345
346,Metodo_346
347,Metodo_347
348,Metodo_348
349,Metodo_349
350,Metodo_350
351,Metodo_351
352,Metodo_352
353,Metodo_353
354,Metodo_354
355,Metodo_355
356,Metodo_356
357,Metodo_357
358,Metodo_358
359,Metodo_359
360,Metodo_360
361,Metodo_361
362,Metodo_362
363,Metodo_363
364,Metodo_364
365,Metodo_365
366,Metodo_366
367,Metodo_367
368,Metodo_368
369,Metodo_369
370,Metodo_370
371,Metodo_371
372,Metodo_372
373,Metodo_373
374,Metodo_374
375,Metodo_375
376,Metodo_376
377,Metodo_377
378,Metodo_378
379,Metodo_379
380,Metodo_380
381,Metodo_381
382,Metodo_382
383,Metodo_383
384,Metodo_384
385,Metodo_385
386,Metodo_386
387,Metodo_387
388,Metodo_388
389,Metodo_389
390,Metodo_390
391,Metodo_391
392,Metodo_392
393,Metodo_393
394,Metodo_394
395,Metodo_395
396,Metodo_396
397,Metodo_397
398,Metodo_398
399,Metodo_399
400,Metodo_400
401,Metodo_401
402,Metodo_402
403,Metodo_403
404,Metodo_404
405,Metodo_405
406,Metodo_406
407,Metodo_407
408,Metodo_408
409,Metodo_409
410,Metodo_410
411,Metodo_411
412,Metodo_412
413,Metodo_413
414,Metodo_414
415,Metodo_415
416,Metodo_416
417,Metodo_417
418,Metodo_418
419,Metodo_419
420,Metodo_420
421,Metodo_421
422,Metodo_422
423,Metodo_423
424,Metodo_424
425,Metodo_425
426,Metodo_426
427,Metodo_427
428,Metodo_428
429,Metodo_429
430,Metodo_430
431,Metodo_431
432,Metodo_432
433,Metodo_433
434,Metodo_434
435,Metodo_435
436,Metodo_436
437,Metodo_437
438,Metodo_438
439,Metodo_439
440,Metodo_440
441,Metodo_441
442,Metodo_442
443,Metodo_443
444,Metodo_444
445,Metodo_445
446,Metodo_446
447,Metodo_447
448,Metodo_448
449,Metodo_449
450,Metodo_450
451,Metodo_451
452,Metodo_452
453,Metodo_453
454,Metodo_454
455,Metodo_455
456,Metodo_456
457,Metodo_457
458,Metodo_458
459,Metodo_459
460,Metodo_460
461,Metodo_461
462,Metodo_462
463,Metodo_463
464,Metodo_464
465,Metodo_465
466,Metodo_466
467,Metodo_467
468,Metodo_468
469,Metodo_469
470,Metodo_470
471,Metodo_471
472,Metodo_472
473,Metodo_473
474,Metodo_474
475,Metodo_475
476,Metodo_476
477,Metodo_477
478,Metodo_478
479,Metodo_479
480,Metodo_480
481,Metodo_481
482,Metodo_482
483,Metodo_483
484,Metodo_484
485,Metodo_485
486,Metodo_486
487,Metodo_487
488,Metodo_488
489,Metodo_489
490,Metodo_490
491,Metodo_491
492,Metodo_492
493,Metodo_493
494,Metodo_494
495,Metodo_495
496,Metodo_496
497,Metodo_497
498,Metodo_498
499,Metodo_499
500,Metodo_500
501,Metodo_501
502,Metodo_502
503,Metodo_503
504,Metodo_504
505,Metodo_505
506,Metodo_506
507,Metodo_507
508,Metodo_508
509,Metodo_509
510,Metodo_510
511,Metodo_511
512,Metodo_512
513,Metodo_513
514,Metodo_514
515,Metodo_515
516,Metodo_516
517,Metodo_517
518,Metodo_518
519,Metodo_519
520,Metodo_520
521,Metodo_521
522,Metodo_522
523,Metodo_523
524,Metodo_524
525,Metodo_525
526,Metodo_526
527,Metodo_527
528,Metodo_528
529,Metodo_529
530,Metodo_530
531,Metodo_531
532,Metodo_532
533,Metodo_533
534,Metodo_534
535,Metodo_535
536,Metodo_536
537,Metodo_537
538,Metodo_538
539,Metodo_539
540,Metodo_540
541,Metodo_541
542,Metodo_542
543,Metodo_543
544,Metodo_544
545,Metodo_545
546,Metodo_546
547,Metodo_547
548,Metodo_548
549,Metodo_549
550,Metodo_550
551,Metodo_551
552,Metodo_552
553,Metodo_553
554,Metodo_554
555,Metodo_555
556,Metodo_556
557,Metodo_557
558,Metodo_558
559,Metodo_559
560,Metodo_560
561,Metodo_561
562,Metodo_562
563,Metodo_563
564,Metodo_564
565,Metodo_565
566,Metodo_566
567,Metodo_567
568,Metodo_568
569,Metodo_569
570,Metodo_570
571,Metodo_571
572,Metodo_572
573,Metodo_573
574,Metodo_574
575,Metodo_575
576,Metodo_576
577,Metodo_577
578,Metodo_578
579,Metodo_579
580,Metodo_580
581,Metodo_581
582,Metodo_582
583,Metodo_583
584,Metodo_584
585,Metodo_585
586,Metodo_586
587,Metodo_587
588,Metodo_588
589,Metodo_589
590,Metodo_590
591,Metodo_591
592,Metodo_592
593,Metodo_593
594,Metodo_594
595,Metodo_595
596,Metodo_596
597,Metodo_597
598,Metodo_598
599,Metodo_599
600,Metodo_600
601,Metodo_601
602,Metodo_602
603,Metodo_603
604,Metodo_604
605,Metodo_605
606,Metodo_606
607,Metodo_607
608,Metodo_608
609,Metodo_609
610,Metodo_610
611,Metodo_611
612,Metodo_612
613,Metodo_613
614,Metodo_614
615,Metodo_615
616,Metodo_616
617,Metodo_617
618,Metodo_618
619,Metodo_619
620,Metodo_620
621,Metodo_621
622,Metodo_622
623,Metodo_623
624,Metodo_624
625,Metodo_625
626,Metodo_626
627,Metodo_627
628,Metodo_628
629,Metodo_629
630,Metodo_630
631,Metodo_631
632,Metodo_632
633,Metodo_633
634,Metodo_634
635,Metodo_635
636,Metodo_636
637,Metodo_637
638,Metodo_638
639,Metodo_639
640,Metodo_640
641,Metodo_641
642,Metodo_642
643,Metodo_643
644,Metodo_644
645,Metodo_645
646,Metodo_646
647,Metodo_647
648,Metodo_648
649,Metodo_649
650,Metodo_650
651,Metodo_651
652,Metodo_652
653,Metodo_653
654,Metodo_654
655,Metodo_655
656,Metodo_656
657,Metodo_657
658,Metodo_658
659,Metodo_659
660,Metodo_660
661,Metodo_661
662,Metodo_662
663,Metodo_663
664,Metodo_664
665,Metodo_665
666,Metodo_666
667,Metodo_667
668,Metodo_668
669,Metodo_669
670,Metodo_670
671,Metodo_671
672,Metodo_672
673,Metodo_673
674,Metodo_674
675,Metodo_675
676,Metodo_676
677,Metodo_677
678,Metodo_678
679,Metodo_679
680,Metodo_680
681,Metodo_681
682,Metodo_682
683,Metodo_683
684,Metodo_684
685,Metodo_685
686,Metodo_686
687,Metodo_687
688,Metodo_688
689,Metodo_689
690,Metodo_690
691,Metodo_691
692,Metodo_692
693,Metodo_693
694,Metodo_694
695,Metodo_695
696,Metodo_696
697,Metodo_697
698,Metodo_698
699,Metodo_699
700,Metodo_700
701,Metodo_701
702,Metodo_702
703,Metodo_703
704,Metodo_704
705,Metodo_705
706,Metodo_706
707,Metodo_707
708,Metodo_708
709,Metodo_709
710,Metodo_710
711,Metodo_711
712,Metodo_712
713,Metodo_713
714,Metodo_714
715,Metodo_715
716,Metodo_716
717,Metodo_717
718,Metodo_718
719,Metodo_719
720,Metodo_720
721,Metodo_721
722,Metodo_722
723,Metodo_723
724,Metodo_724
725,Metodo_725
726,Metodo_726
727,Metodo_727
728,Metodo_728
729,Metodo_729
730,Metodo_730
731,Metodo_731
732,Metodo_732
733,Metodo_733
734,Metodo_734
735,Metodo_735
736,Metodo_736
737,Metodo_737
738,Metodo_738
739,Metodo_739
740,Metodo_740
741,Metodo_741
742,Metodo_742
743,Metodo_743
744,Metodo_744
745,Metodo_745
746,Metodo_746
747,Metodo_747
748,Metodo_748
749,Metodo_749
750,Metodo_750
751,Metodo_751
752,Metodo_752
753,Metodo_753
754,Metodo_754
755,Metodo_755
756,Metodo_756
757,Metodo_757
758,Metodo_758
759,Metodo_759
760,Metodo_760
761,Metodo_761
762,Metodo_762
763,Metodo_763
764,Metodo_764
765,Metodo_765
766,Metodo_766
767,Metodo_767
768,Metodo_768
769,Metodo_769
770,Metodo_770
771,Metodo_771
772,Metodo_772
773,Metodo_773
774,Metodo_774
775,Metodo_775
776,Metodo_776
777,Metodo_777
778,Metodo_778
779,Metodo_779
780,Metodo_780
781,Metodo_781
782,Metodo_782
783,Metodo_783
784,Metodo_784
785,Metodo_785
786,Metodo_786
787,Metodo_787
788,Metodo_788
789,Metodo_789
790,Metodo_790
791,Metodo_791
792,Metodo_792
793,Metodo_793
794,Metodo_794
795,Metodo_795
796,Metodo_796
797,Metodo_797
798,Metodo_798
799,Metodo_799
800,Metodo_800
801,Metodo_801
802,Metodo_802
803,Metodo_803
804,Metodo_804
805,Metodo_805
806,Metodo_806
807,Metodo_807
808,Metodo_808
809,Metodo_809
810,Metodo_810
811,Metodo_811
812,Metodo_812
813,Metodo_813
814,Metodo_814
815,Metodo_815
816,Metodo_816
817,Metodo_817
818,Metodo_818
819,Metodo_819
820,Metodo_820
821,Metodo_821
822,Metodo_822
823,Metodo_823
824,Metodo_824
825,Metodo_825
826,Metodo_826
827,Metodo_827
828,Metodo_828
829,Metodo_829
830,Metodo_830
831,Metodo_831
832,Metodo_832
833,Metodo_833
834,Metodo_834
835,Metodo_835
836,Metodo_836
837,Metodo_837
838,Metodo_838
839,Metodo_839
840,Metodo_840
841,Metodo_841
842,Metodo_842
843,Metodo_843
844,Metodo_844
845,Metodo_845
846,Metodo_846
847,Metodo_847
848,Metodo_848
849,Metodo_849
850,Metodo_850
851,Metodo_851
852,Metodo_852
853,Metodo_853
854,Metodo_854
855,Metodo_855
856,Metodo_856
857,Metodo_857
858,Metodo_858
859,Metodo_859
860,Metodo_860
861,Metodo_861
862,Metodo_862
863,Metodo_863
864,Metodo_864
865,Metodo_865
866,Metodo_866
867,Metodo_867
868,Metodo_868
869,Metodo_869
870,Metodo_870
871,Metodo_871
872,Metodo_872
873,Metodo_873
874,Metodo_874
875,Metodo_875
876,Metodo_876
877,Metodo_877
878,Metodo_878
879,Metodo_879
880,Metodo_880
881,Metodo_881
882,Metodo_882
883,Metodo_883
884,Metodo_884
885,Metodo_885
886,Metodo_886
887,Metodo_887
888,Metodo_888
889,Metodo_889
890,Metodo_890
891,Metodo_891
892,Metodo_892
893,Metodo_893
894,Metodo_894
895,Metodo_895
896,Metodo_896
897,Metodo_897
898,Metodo_898
899,Metodo_899
900,Metodo_900
901,Metodo_901
902,Metodo_902
903,Metodo_903
904,Metodo_904
905,Metodo_905
906,Metodo_906
907,Metodo_907
908,Metodo_908
909,Metodo_909
910,Metodo_910
911,Metodo_911
912,Metodo_912
913,Metodo_913
914,Metodo_914
915,Metodo_915
916,Metodo_916
917,Metodo_917
918,Metodo_918
919,Metodo_919
920,Metodo_920
921,Metodo_921
922,Metodo_922
923,Metodo_923
924,Metodo_924
925,Metodo_925
926,Metodo_926
927,Metodo_927
928,Metodo_928
929,Metodo_929
930,Metodo_930
931,Metodo_931
932,Metodo_932
933,Metodo_933
934,Metodo_934
935,Metodo_935
936,Metodo_936
937,Metodo_937
938,Metodo_938
939,Metodo_939
940,Metodo_940
941,Metodo_941
942,Metodo_942
943,Metodo_943
944,Metodo_944
945,Metodo_945
946,Metodo_946
947,Metodo_947
948,Metodo_948
949,Metodo_949
950,Metodo_950
951,Metodo_951
952,Metodo_952
953,Metodo_953
954,Metodo_954
955,Metodo_955
956,Metodo_956
957,Metodo_957
958,Metodo_958
959,Metodo_959
960,Metodo_960
961,Metodo_961
962,Metodo_962
963,Metodo_963
964,Metodo_964
965,Metodo_965
966,Metodo_966
967,Metodo_967
968,Metodo_968
969,Metodo_969
970,Metodo_970
971,Metodo_971
972,Metodo_972
973,Metodo_973
974,Metodo_974
975,Metodo_975
976,Metodo_976
977,Metodo_977
978,Metodo_978
979,Metodo_979
980,Metodo_980
981,Metodo_981
982,Metodo_982
983,Metodo_983
984,Metodo_984
985,Metodo_985
986,Metodo_986
987,Metodo_987
988,Metodo_988
989,Metodo_989
990,Metodo_990
991,Metodo_991
992,Metodo_992
993,Metodo_993
994,Metodo_994
995,Metodo_995
996,Metodo_996
997,Metodo_997
998,Metodo_998
999,Metodo_999
1000,Metodo_1000
