id_pedido,id_cliente,id_empleado,fecha_pedido,estado
1,210,262,2025-10-11 23:37:58.260000000,Preparando
2,970,956,2025-10-25 23:37:58.373000000,Entregado
3,815,258,2025-10-22 23:37:58.397000000,Pendiente
4,216,316,2025-10-18 23:37:58.420000000,Preparando
5,872,821,2025-09-27 23:37:58.450000000,Entregado
6,904,432,2025-09-28 23:37:58.487000000,Pendiente
7,513,483,2025-10-07 23:37:58.513000000,Preparando
8,577,22,2025-10-22 23:37:58.547000000,Entregado
9,100,382,2025-10-05 23:37:58.590000000,Pendiente
10,86,243,2025-10-22 23:37:58.620000000,Preparando
11,224,913,2025-10-16 23:37:58.657000000,Entregado
12,454,315,2025-10-06 23:37:58.687000000,Pendiente
13,545,371,2025-10-19 23:37:58.730000000,Preparando
14,927,314,2025-09-26 23:37:58.757000000,Entregado
15,984,216,2025-10-01 23:37:58.790000000,Pendiente
16,901,560,2025-10-04 23:37:58.813000000,Preparando
17,47,945,2025-10-21 23:37:58.867000000,Entregado
18,922,476,2025-09-30 23:37:58.920000000,Pendiente
19,369,182,2025-09-26 23:37:58.953000000,Preparando
20,348,985,2025-10-09 23:37:58.997000000,Entregado
21,468,565,2025-10-06 23:37:59.023000000,Pendiente
22,199,550,2025-10-14 23:37:59.057000000,Preparando
23,396,39,2025-10-02 23:37:59.090000000,Entregado
24,864,657,2025-10-06 23:37:59.127000000,Pendiente
25,627,314,2025-10-24 23:37:59.157000000,Preparando
26,389,468,2025-09-29 23:37:59.190000000,Entregado
27,70,526,2025-10-23 23:37:59.220000000,Pendiente
28,511,511,2025-10-22 23:37:59.250000000,Preparando
29,815,185,2025-10-07 23:37:59.290000000,Entregado
30,839,33,2025-10-19 23:37:59.323000000,Pendiente
31,328,892,2025-10-04 23:37:59.347000000,Preparando
32,810,188,2025-10-11 23:37:59.383000000,Entregado
33,634,779,2025-10-19 23:37:59.403000000,Pendiente
34,32,422,2025-10-06 23:37:59.427000000,Preparando
35,431,148,2025-10-17 23:37:59.457000000,Entregado
36,382,619,2025-10-12 23:37:59.483000000,Pendiente
37,471,348,2025-10-12 23:37:59.513000000,Preparando
38,309,403,2025-10-09 23:37:59.543000000,Entregado
39,160,999,2025-10-14 23:37:59.573000000,Pendiente
40,879,476,2025-10-02 23:37:59.607000000,Preparando
41,300,16,2025-10-11 23:37:59.630000000,Entregado
42,413,615,2025-10-04 23:37:59.657000000,Pendiente
43,228,691,2025-10-13 23:37:59.687000000,Preparando
44,478,749,2025-10-22 23:37:59.710000000,Entregado
45,584,250,2025-10-18 23:37:59.740000000,Pendiente
46,463,501,2025-10-03 23:37:59.770000000,Preparando
47,445,212,2025-10-21 23:37:59.810000000,Entregado
48,867,326,2025-10-12 23:37:59.840000000,Pendiente
49,762,395,2025-09-27 23:37:59.870000000,Preparando
50,799,177,2025-10-15 23:37:59.897000000,Entregado
51,260,796,2025-10-11 23:37:59.927000000,Pendiente
52,762,307,2025-10-21 23:37:59.947000000,Preparando
53,163,255,2025-10-24 23:37:59.970000000,Entregado
54,898,148,2025-10-22 23:38:00.013000000,Pendiente
55,182,7,2025-10-05 23:38:00.040000000,Preparando
56,732,427,2025-10-19 23:38:00.077000000,Entregado
57,283,656,2025-10-22 23:38:00.100000000,Pendiente
58,52,185,2025-10-23 23:38:00.123000000,Preparando
59,994,459,2025-10-04 23:38:00.153000000,Entregado
60,416,901,2025-10-21 23:38:00.187000000,Pendiente
61,521,964,2025-10-23 23:38:00.223000000,Preparando
62,570,304,2025-10-02 23:38:00.260000000,Entregado
63,706,506,2025-09-27 23:38:00.287000000,Pendiente
64,679,227,2025-10-13 23:38:00.310000000,Preparando
65,436,261,2025-10-23 23:38:00.343000000,Entregado
66,186,457,2025-09-28 23:38:00.370000000,Pendiente
67,963,686,2025-10-22 23:38:00.400000000,Preparando
68,296,311,2025-10-10 23:38:00.437000000,Entregado
69,998,387,2025-10-02 23:38:00.470000000,Pendiente
70,211,187,2025-10-09 23:38:00.493000000,Preparando
71,266,348,2025-10-16 23:38:00.530000000,Entregado
72,904,430,2025-09-28 23:38:00.553000000,Pendiente
73,577,4,2025-09-26 23:38:00.577000000,Preparando
74,285,279,2025-10-15 23:38:00.607000000,Entregado
75,495,551,2025-10-07 23:38:00.640000000,Pendiente
76,247,80,2025-10-06 23:38:00.677000000,Preparando
77,299,368,2025-10-16 23:38:00.710000000,Entregado
78,930,623,2025-10-20 23:38:00.733000000,Pendiente
79,68,172,2025-10-21 23:38:00.757000000,Preparando
80,500,826,2025-10-03 23:38:00.790000000,Entregado
81,894,416,2025-10-22 23:38:00.813000000,Pendiente
82,829,84,2025-10-14 23:38:00.837000000,Preparando
83,476,222,2025-10-01 23:38:00.867000000,Entregado
84,863,849,2025-10-08 23:38:00.903000000,Pendiente
85,847,706,2025-10-16 23:38:00.937000000,Preparando
86,913,105,2025-10-16 23:38:00.973000000,Entregado
87,366,215,2025-09-28 23:38:01.003000000,Pendiente
88,988,504,2025-10-17 23:38:01.030000000,Preparando
89,789,610,2025-09-27 23:38:01.067000000,Entregado
90,662,156,2025-10-09 23:38:01.087000000,Pendiente
91,425,416,2025-10-03 23:38:01.130000000,Preparando
92,732,758,2025-10-23 23:38:01.160000000,Entregado
93,996,299,2025-10-08 23:38:01.190000000,Pendiente
94,525,23,2025-10-06 23:38:01.217000000,Preparando
95,58,466,2025-10-25 23:38:01.250000000,Entregado
96,377,265,2025-10-01 23:38:01.280000000,Pendiente
97,152,925,2025-10-10 23:38:01.307000000,Preparando
98,564,711,2025-10-08 23:38:01.343000000,Entregado
99,741,360,2025-10-07 23:38:01.373000000,Pendiente
100,178,438,2025-09-28 23:38:01.403000000,Preparando
101,744,267,2025-10-02 23:38:01.443000000,Entregado
102,443,904,2025-10-06 23:38:01.470000000,Pendiente
103,239,182,2025-10-09 23:38:01.517000000,Preparando
104,561,573,2025-10-20 23:38:01.547000000,Entregado
105,228,121,2025-10-03 23:38:01.580000000,Pendiente
106,143,205,2025-10-18 23:38:01.640000000,Preparando
107,668,245,2025-10-11 23:38:01.717000000,Entregado
108,551,924,2025-10-19 23:38:01.767000000,Pendiente
109,204,543,2025-09-26 23:38:01.803000000,Preparando
110,246,291,2025-09-29 23:38:01.843000000,Entregado
111,416,968,2025-10-18 23:38:01.883000000,Pendiente
112,600,689,2025-09-30 23:38:01.907000000,Preparando
113,235,943,2025-10-23 23:38:01.940000000,Entregado
114,906,647,2025-10-17 23:38:01.973000000,Pendiente
115,726,509,2025-10-17 23:38:02.030000000,Preparando
116,633,993,2025-10-15 23:38:02.070000000,Entregado
117,825,818,2025-10-09 23:38:02.130000000,Pendiente
118,765,562,2025-10-05 23:38:02.163000000,Preparando
119,953,421,2025-10-15 23:38:02.203000000,Entregado
120,302,716,2025-10-19 23:38:02.237000000,Pendiente
121,823,86,2025-10-16 23:38:02.260000000,Preparando
122,821,28,2025-10-12 23:38:02.297000000,Entregado
123,462,140,2025-09-30 23:38:02.330000000,Pendiente
124,840,705,2025-10-21 23:38:02.357000000,Preparando
125,60,158,2025-10-13 23:38:02.380000000,Entregado
126,552,412,2025-10-11 23:38:02.403000000,Pendiente
127,192,798,2025-10-16 23:38:02.427000000,Preparando
128,673,742,2025-10-01 23:38:02.453000000,Entregado
129,789,664,2025-10-01 23:38:02.483000000,Pendiente
130,177,105,2025-10-14 23:38:02.510000000,Preparando
131,519,886,2025-10-17 23:38:02.547000000,Entregado
132,241,210,2025-10-25 23:38:02.577000000,Pendiente
133,513,357,2025-10-03 23:38:02.610000000,Preparando
134,717,764,2025-10-05 23:38:02.633000000,Entregado
135,524,724,2025-10-22 23:38:02.663000000,Pendiente
136,198,930,2025-09-26 23:38:02.703000000,Preparando
137,472,137,2025-10-17 23:38:02.740000000,Entregado
138,728,799,2025-10-11 23:38:02.760000000,Pendiente
139,974,678,2025-10-13 23:38:02.780000000,Preparando
140,933,262,2025-10-07 23:38:02.810000000,Entregado
141,807,817,2025-09-30 23:38:02.840000000,Pendiente
142,546,106,2025-09-29 23:38:02.877000000,Preparando
143,2,219,2025-10-10 23:38:02.910000000,Entregado
144,720,482,2025-09-26 23:38:02.937000000,Pendiente
145,576,160,2025-10-09 23:38:02.970000000,Preparando
146,884,755,2025-10-17 23:38:03,Entregado
147,865,903,2025-09-27 23:38:03.080000000,Pendiente
148,881,947,2025-10-01 23:38:03.117000000,Preparando
149,859,340,2025-10-20 23:38:03.150000000,Entregado
150,320,689,2025-09-26 23:38:03.190000000,Pendiente
151,862,997,2025-10-18 23:38:03.233000000,Preparando
152,751,277,2025-10-04 23:38:03.270000000,Entregado
153,641,284,2025-10-12 23:38:03.303000000,Pendiente
154,744,448,2025-10-21 23:38:03.353000000,Preparando
155,371,520,2025-10-12 23:38:03.380000000,Entregado
156,987,14,2025-10-13 23:38:03.423000000,Pendiente
157,358,321,2025-10-06 23:38:03.450000000,Preparando
158,548,259,2025-10-08 23:38:03.483000000,Entregado
159,595,622,2025-10-10 23:38:03.510000000,Pendiente
160,112,643,2025-10-07 23:38:03.543000000,Preparando
161,951,748,2025-10-03 23:38:03.587000000,Entregado
162,832,243,2025-09-30 23:38:03.630000000,Pendiente
163,700,466,2025-10-06 23:38:03.683000000,Preparando
164,993,213,2025-10-14 23:38:03.730000000,Entregado
165,792,996,2025-10-02 23:38:03.753000000,Pendiente
166,902,688,2025-10-17 23:38:03.783000000,Preparando
167,280,226,2025-10-02 23:38:03.820000000,Entregado
168,21,536,2025-10-10 23:38:03.843000000,Pendiente
169,290,265,2025-10-11 23:38:03.870000000,Preparando
170,193,224,2025-10-21 23:38:03.900000000,Entregado
171,359,682,2025-10-13 23:38:03.933000000,Pendiente
172,261,53,2025-10-07 23:38:03.967000000,Preparando
173,794,912,2025-10-08 23:38:03.993000000,Entregado
174,201,699,2025-09-27 23:38:04.030000000,Pendiente
175,70,617,2025-10-09 23:38:04.050000000,Preparando
176,318,196,2025-09-30 23:38:04.073000000,Entregado
177,348,141,2025-10-07 23:38:04.110000000,Pendiente
178,422,763,2025-10-09 23:38:04.130000000,Preparando
179,863,989,2025-10-25 23:38:04.170000000,Entregado
180,17,168,2025-10-04 23:38:04.200000000,Pendiente
181,246,466,2025-10-12 23:38:04.247000000,Preparando
182,975,234,2025-10-19 23:38:04.300000000,Entregado
183,635,254,2025-10-21 23:38:04.363000000,Pendiente
184,7,17,2025-10-19 23:38:04.403000000,Preparando
185,515,196,2025-10-23 23:38:04.450000000,Entregado
186,739,436,2025-09-30 23:38:04.480000000,Pendiente
187,558,621,2025-09-29 23:38:04.507000000,Preparando
188,232,246,2025-10-09 23:38:04.540000000,Entregado
189,843,106,2025-10-23 23:38:04.587000000,Pendiente
190,932,526,2025-10-05 23:38:04.620000000,Preparando
191,424,609,2025-10-18 23:38:04.647000000,Entregado
192,686,753,2025-10-09 23:38:04.670000000,Pendiente
193,737,877,2025-09-26 23:38:04.697000000,Preparando
194,890,549,2025-10-10 23:38:04.730000000,Entregado
195,504,730,2025-10-02 23:38:04.760000000,Pendiente
196,898,754,2025-09-27 23:38:04.790000000,Preparando
197,524,836,2025-10-13 23:38:04.810000000,Entregado
198,266,593,2025-10-22 23:38:04.850000000,Pendiente
199,235,560,2025-09-27 23:38:04.887000000,Preparando
200,751,487,2025-09-29 23:38:04.910000000,Entregado
201,185,314,2025-10-13 23:38:04.953000000,Pendiente
202,115,359,2025-09-30 23:38:04.980000000,Preparando
203,463,795,2025-10-15 23:38:05.010000000,Entregado
204,45,711,2025-10-04 23:38:05.050000000,Pendiente
205,808,777,2025-10-20 23:38:05.080000000,Preparando
206,44,465,2025-10-23 23:38:05.117000000,Entregado
207,907,424,2025-09-26 23:38:05.143000000,Pendiente
208,454,433,2025-09-29 23:38:05.177000000,Preparando
209,957,602,2025-10-25 23:38:05.207000000,Entregado
210,425,84,2025-10-03 23:38:05.230000000,Pendiente
211,338,775,2025-10-04 23:38:05.270000000,Preparando
212,699,664,2025-10-08 23:38:05.303000000,Entregado
213,129,437,2025-10-08 23:38:05.337000000,Pendiente
214,783,280,2025-10-13 23:38:05.360000000,Preparando
215,771,170,2025-10-18 23:38:05.383000000,Entregado
216,931,401,2025-10-19 23:38:05.413000000,Pendiente
217,326,981,2025-10-07 23:38:05.443000000,Preparando
218,250,678,2025-09-27 23:38:05.753000000,Entregado
219,523,857,2025-09-30 23:38:05.787000000,Pendiente
220,137,763,2025-10-01 23:38:05.830000000,Preparando
221,491,102,2025-10-19 23:38:05.930000000,Entregado
222,543,705,2025-10-24 23:38:05.980000000,Pendiente
223,982,21,2025-10-11 23:38:06.023000000,Preparando
224,244,738,2025-10-06 23:38:06.047000000,Entregado
225,804,765,2025-09-28 23:38:06.083000000,Pendiente
226,47,841,2025-09-29 23:38:06.120000000,Preparando
227,629,644,2025-10-16 23:38:06.143000000,Entregado
228,71,316,2025-10-08 23:38:06.170000000,Pendiente
229,846,612,2025-10-01 23:38:06.207000000,Preparando
230,112,307,2025-10-06 23:38:06.237000000,Entregado
231,698,478,2025-10-04 23:38:06.263000000,Pendiente
232,809,564,2025-10-03 23:38:06.287000000,Preparando
233,169,674,2025-10-01 23:38:06.317000000,Entregado
234,458,614,2025-10-09 23:38:06.343000000,Pendiente
235,656,451,2025-09-29 23:38:06.380000000,Preparando
236,42,369,2025-09-26 23:38:06.407000000,Entregado
237,663,800,2025-10-12 23:38:06.440000000,Pendiente
238,165,748,2025-10-03 23:38:06.470000000,Preparando
239,607,171,2025-09-29 23:38:06.500000000,Entregado
240,527,798,2025-09-27 23:38:06.523000000,Pendiente
241,583,15,2025-10-23 23:38:06.560000000,Preparando
242,63,511,2025-10-02 23:38:06.593000000,Entregado
243,906,932,2025-10-25 23:38:06.620000000,Pendiente
244,503,486,2025-10-18 23:38:06.650000000,Preparando
245,179,282,2025-10-04 23:38:06.687000000,Entregado
246,393,319,2025-10-21 23:38:06.717000000,Pendiente
247,382,451,2025-10-02 23:38:06.757000000,Preparando
248,909,653,2025-10-02 23:38:06.790000000,Entregado
249,675,869,2025-09-27 23:38:06.823000000,Pendiente
250,611,991,2025-10-15 23:38:06.870000000,Preparando
251,726,405,2025-09-30 23:38:06.910000000,Entregado
252,38,95,2025-10-20 23:38:06.937000000,Pendiente
253,370,166,2025-10-22 23:38:06.963000000,Preparando
254,215,70,2025-10-15 23:38:06.990000000,Entregado
255,549,55,2025-10-10 23:38:07.043000000,Pendiente
256,888,47,2025-10-20 23:38:07.093000000,Preparando
257,670,372,2025-10-01 23:38:07.143000000,Entregado
258,643,581,2025-10-03 23:38:07.180000000,Pendiente
259,750,957,2025-10-20 23:38:07.210000000,Preparando
260,736,228,2025-09-29 23:38:07.233000000,Entregado
261,558,617,2025-10-21 23:38:07.257000000,Pendiente
262,186,737,2025-10-04 23:38:07.287000000,Preparando
263,330,511,2025-10-08 23:38:07.317000000,Entregado
264,752,328,2025-10-14 23:38:07.350000000,Pendiente
265,721,90,2025-10-24 23:38:07.387000000,Preparando
266,181,209,2025-10-02 23:38:07.420000000,Entregado
267,407,758,2025-10-12 23:38:07.447000000,Pendiente
268,990,454,2025-10-08 23:38:07.473000000,Preparando
269,831,361,2025-10-05 23:38:07.503000000,Entregado
270,416,434,2025-10-11 23:38:07.533000000,Pendiente
271,394,230,2025-10-03 23:38:07.560000000,Preparando
272,757,607,2025-10-05 23:38:07.597000000,Entregado
273,966,602,2025-10-21 23:38:07.617000000,Pendiente
274,717,490,2025-09-26 23:38:07.640000000,Preparando
275,503,986,2025-10-16 23:38:07.663000000,Entregado
276,503,320,2025-09-29 23:38:07.687000000,Pendiente
277,502,94,2025-10-08 23:38:07.717000000,Preparando
278,22,251,2025-09-27 23:38:07.753000000,Entregado
279,144,931,2025-10-18 23:38:07.790000000,Pendiente
280,469,483,2025-10-14 23:38:07.820000000,Preparando
281,398,737,2025-09-27 23:38:07.860000000,Entregado
282,167,939,2025-09-30 23:38:07.893000000,Pendiente
283,888,607,2025-10-08 23:38:07.940000000,Preparando
284,32,371,2025-10-02 23:38:07.980000000,Entregado
285,227,128,2025-10-14 23:38:08.013000000,Pendiente
286,118,475,2025-10-10 23:38:08.063000000,Preparando
287,626,399,2025-10-20 23:38:08.110000000,Entregado
288,391,413,2025-10-07 23:38:08.140000000,Pendiente
289,660,819,2025-10-17 23:38:08.167000000,Preparando
290,988,905,2025-10-06 23:38:08.200000000,Entregado
291,543,453,2025-10-13 23:38:08.230000000,Pendiente
292,489,333,2025-09-30 23:38:08.253000000,Preparando
293,687,47,2025-10-23 23:38:08.310000000,Entregado
294,866,607,2025-10-15 23:38:08.370000000,Pendiente
295,702,52,2025-10-23 23:38:08.410000000,Preparando
296,529,989,2025-10-21 23:38:08.460000000,Entregado
297,624,25,2025-10-17 23:38:08.507000000,Pendiente
298,801,306,2025-10-10 23:38:08.543000000,Preparando
299,912,83,2025-10-11 23:38:08.570000000,Entregado
300,26,790,2025-10-09 23:38:08.610000000,Pendiente
301,111,72,2025-10-13 23:38:08.630000000,Preparando
302,549,527,2025-10-05 23:38:08.667000000,Entregado
303,421,975,2025-10-08 23:38:08.690000000,Pendiente
304,295,956,2025-10-19 23:38:08.720000000,Preparando
305,761,564,2025-10-10 23:38:08.747000000,Entregado
306,836,270,2025-10-17 23:38:08.777000000,Pendiente
307,804,233,2025-10-14 23:38:08.803000000,Preparando
308,25,15,2025-10-02 23:38:08.837000000,Entregado
309,688,938,2025-10-08 23:38:08.873000000,Pendiente
310,410,389,2025-10-17 23:38:08.913000000,Preparando
311,519,419,2025-09-28 23:38:08.950000000,Entregado
312,489,428,2025-10-24 23:38:08.970000000,Pendiente
313,548,978,2025-10-11 23:38:09.010000000,Preparando
314,294,858,2025-09-27 23:38:09.043000000,Entregado
315,545,390,2025-10-10 23:38:09.073000000,Pendiente
316,821,840,2025-10-17 23:38:09.097000000,Preparando
317,139,859,2025-10-22 23:38:09.133000000,Entregado
318,435,901,2025-09-29 23:38:09.153000000,Pendiente
319,410,602,2025-10-03 23:38:09.183000000,Preparando
320,856,217,2025-10-18 23:38:09.210000000,Entregado
321,475,932,2025-10-12 23:38:09.240000000,Pendiente
322,842,639,2025-10-06 23:38:09.263000000,Preparando
323,121,864,2025-10-06 23:38:09.300000000,Entregado
324,882,629,2025-10-18 23:38:09.323000000,Pendiente
325,544,677,2025-10-01 23:38:09.347000000,Preparando
326,913,920,2025-10-17 23:38:09.383000000,Entregado
327,950,349,2025-10-11 23:38:09.423000000,Pendiente
328,957,876,2025-10-16 23:38:09.460000000,Preparando
329,542,46,2025-10-08 23:38:09.503000000,Entregado
330,714,736,2025-10-18 23:38:09.543000000,Pendiente
331,390,806,2025-10-06 23:38:09.567000000,Preparando
332,601,95,2025-10-24 23:38:09.593000000,Entregado
333,60,712,2025-10-09 23:38:09.623000000,Pendiente
334,367,792,2025-10-10 23:38:09.667000000,Preparando
335,690,207,2025-10-20 23:38:09.707000000,Entregado
336,673,15,2025-10-13 23:38:09.740000000,Pendiente
337,63,681,2025-10-14 23:38:09.763000000,Preparando
338,761,673,2025-10-15 23:38:09.793000000,Entregado
339,512,694,2025-09-26 23:38:09.830000000,Pendiente
340,163,859,2025-10-25 23:38:09.860000000,Preparando
341,182,387,2025-10-17 23:38:09.887000000,Entregado
342,322,107,2025-10-08 23:38:09.923000000,Pendiente
343,467,745,2025-10-19 23:38:09.953000000,Preparando
344,5,686,2025-10-11 23:38:09.997000000,Entregado
345,995,218,2025-10-11 23:38:10.020000000,Pendiente
346,977,337,2025-10-16 23:38:10.050000000,Preparando
347,836,966,2025-10-22 23:38:10.080000000,Entregado
348,162,442,2025-10-04 23:38:10.130000000,Pendiente
349,89,940,2025-10-06 23:38:10.190000000,Preparando
350,516,254,2025-10-23 23:38:10.247000000,Entregado
351,985,732,2025-09-27 23:38:10.273000000,Pendiente
352,589,277,2025-10-22 23:38:10.313000000,Preparando
353,273,356,2025-10-14 23:38:10.360000000,Entregado
354,643,647,2025-10-12 23:38:10.403000000,Pendiente
355,291,979,2025-10-01 23:38:10.430000000,Preparando
356,456,464,2025-10-15 23:38:10.463000000,Entregado
357,896,863,2025-10-15 23:38:10.490000000,Pendiente
358,876,103,2025-10-21 23:38:10.523000000,Preparando
359,723,61,2025-10-11 23:38:10.567000000,Entregado
360,800,960,2025-10-06 23:38:10.590000000,Pendiente
361,718,208,2025-10-24 23:38:10.633000000,Preparando
362,474,478,2025-10-11 23:38:10.677000000,Entregado
363,219,57,2025-10-19 23:38:10.707000000,Pendiente
364,275,392,2025-10-03 23:38:10.750000000,Preparando
365,692,624,2025-10-18 23:38:10.807000000,Entregado
366,466,473,2025-10-25 23:38:10.857000000,Pendiente
367,136,651,2025-10-17 23:38:10.897000000,Preparando
368,143,976,2025-10-01 23:38:10.923000000,Entregado
369,910,739,2025-09-29 23:38:10.963000000,Pendiente
370,616,570,2025-10-22 23:38:11.017000000,Preparando
371,7,872,2025-10-10 23:38:11.047000000,Entregado
372,3,989,2025-10-09 23:38:11.080000000,Pendiente
373,304,715,2025-10-04 23:38:11.100000000,Preparando
374,106,788,2025-10-11 23:38:11.140000000,Entregado
375,184,23,2025-09-26 23:38:11.170000000,Pendiente
376,281,596,2025-10-16 23:38:11.197000000,Preparando
377,671,850,2025-09-29 23:38:11.230000000,Entregado
378,866,890,2025-10-10 23:38:11.270000000,Pendiente
379,661,723,2025-10-14 23:38:11.307000000,Preparando
380,797,101,2025-10-21 23:38:11.363000000,Entregado
381,861,56,2025-10-16 23:38:11.400000000,Pendiente
382,220,198,2025-10-13 23:38:11.447000000,Preparando
383,528,423,2025-09-30 23:38:11.503000000,Entregado
384,233,527,2025-10-20 23:38:11.540000000,Pendiente
385,901,701,2025-10-19 23:38:11.570000000,Preparando
386,194,384,2025-10-17 23:38:11.620000000,Entregado
387,857,237,2025-10-03 23:38:11.660000000,Pendiente
388,874,548,2025-10-04 23:38:11.727000000,Preparando
389,720,188,2025-10-13 23:38:11.780000000,Entregado
390,377,133,2025-10-24 23:38:11.820000000,Pendiente
391,553,292,2025-09-29 23:38:11.867000000,Preparando
392,382,809,2025-10-22 23:38:11.907000000,Entregado
393,990,208,2025-10-19 23:38:11.943000000,Pendiente
394,318,99,2025-10-20 23:38:11.983000000,Preparando
395,577,589,2025-10-16 23:38:12.017000000,Entregado
396,174,975,2025-10-16 23:38:12.060000000,Pendiente
397,336,239,2025-10-24 23:38:12.103000000,Preparando
398,50,687,2025-10-08 23:38:12.153000000,Entregado
399,5,166,2025-10-22 23:38:12.210000000,Pendiente
400,65,808,2025-09-28 23:38:12.280000000,Preparando
401,247,117,2025-10-07 23:38:12.340000000,Entregado
402,528,899,2025-10-12 23:38:12.393000000,Pendiente
403,734,36,2025-10-07 23:38:12.437000000,Preparando
404,38,230,2025-09-28 23:38:12.460000000,Entregado
405,630,122,2025-10-11 23:38:12.497000000,Pendiente
406,441,42,2025-10-21 23:38:12.517000000,Preparando
407,517,742,2025-10-19 23:38:12.560000000,Entregado
408,736,776,2025-10-23 23:38:12.607000000,Pendiente
409,231,139,2025-10-19 23:38:12.653000000,Preparando
410,689,195,2025-10-08 23:38:12.703000000,Entregado
411,76,710,2025-10-11 23:38:12.750000000,Pendiente
412,386,900,2025-10-08 23:38:12.787000000,Preparando
413,13,315,2025-10-01 23:38:12.810000000,Entregado
414,838,325,2025-09-30 23:38:12.847000000,Pendiente
415,449,612,2025-10-09 23:38:13.180000000,Preparando
416,79,551,2025-09-30 23:38:13.457000000,Entregado
417,765,283,2025-10-10 23:38:13.693000000,Pendiente
418,252,778,2025-10-25 23:38:14.260000000,Preparando
419,531,859,2025-10-17 23:38:14.560000000,Entregado
420,638,930,2025-10-23 23:38:15,Pendiente
421,570,111,2025-10-18 23:38:15.357000000,Preparando
422,358,898,2025-10-22 23:38:15.600000000,Entregado
423,15,961,2025-10-16 23:38:15.657000000,Pendiente
424,446,749,2025-10-18 23:38:15.723000000,Preparando
425,180,707,2025-10-15 23:38:15.780000000,Entregado
426,110,841,2025-10-16 23:38:15.820000000,Pendiente
427,627,686,2025-10-09 23:38:15.860000000,Preparando
428,644,440,2025-10-22 23:38:15.890000000,Entregado
429,22,361,2025-10-25 23:38:15.927000000,Pendiente
430,123,692,2025-10-05 23:38:15.977000000,Preparando
431,708,253,2025-10-07 23:38:16.020000000,Entregado
432,683,462,2025-10-09 23:38:16.063000000,Pendiente
433,891,257,2025-10-24 23:38:16.123000000,Preparando
434,882,441,2025-09-27 23:38:16.160000000,Entregado
435,218,484,2025-10-12 23:38:16.193000000,Pendiente
436,502,289,2025-10-09 23:38:16.220000000,Preparando
437,772,755,2025-10-14 23:38:16.257000000,Entregado
438,300,665,2025-09-30 23:38:16.297000000,Pendiente
439,432,832,2025-10-23 23:38:16.323000000,Preparando
440,699,494,2025-09-27 23:38:16.353000000,Entregado
441,897,493,2025-10-17 23:38:16.390000000,Pendiente
442,775,377,2025-10-01 23:38:16.430000000,Preparando
443,429,746,2025-09-29 23:38:16.453000000,Entregado
444,81,109,2025-10-13 23:38:16.480000000,Pendiente
445,603,855,2025-10-23 23:38:16.517000000,Preparando
446,621,321,2025-09-30 23:38:16.547000000,Entregado
447,856,80,2025-10-02 23:38:16.577000000,Pendiente
448,773,479,2025-10-18 23:38:16.610000000,Preparando
449,30,200,2025-10-11 23:38:16.643000000,Entregado
450,591,531,2025-10-07 23:38:16.680000000,Pendiente
451,341,573,2025-10-11 23:38:16.713000000,Preparando
452,224,713,2025-10-12 23:38:16.750000000,Entregado
453,887,138,2025-10-10 23:38:16.780000000,Pendiente
454,895,49,2025-10-25 23:38:16.817000000,Preparando
455,803,74,2025-09-26 23:38:16.840000000,Entregado
456,123,393,2025-10-01 23:38:16.877000000,Pendiente
457,348,906,2025-10-02 23:38:16.900000000,Preparando
458,328,135,2025-10-14 23:38:16.927000000,Entregado
459,971,62,2025-09-29 23:38:16.950000000,Pendiente
460,310,370,2025-10-08 23:38:16.980000000,Preparando
461,274,33,2025-10-04 23:38:17.010000000,Entregado
462,531,565,2025-10-01 23:38:17.037000000,Pendiente
463,155,223,2025-09-27 23:38:17.070000000,Preparando
464,305,856,2025-10-24 23:38:17.107000000,Entregado
465,354,251,2025-10-15 23:38:17.130000000,Pendiente
466,265,164,2025-10-25 23:38:17.163000000,Preparando
467,7,736,2025-10-10 23:38:17.207000000,Entregado
468,579,34,2025-10-06 23:38:17.237000000,Pendiente
469,785,392,2025-10-07 23:38:17.280000000,Preparando
470,663,568,2025-10-19 23:38:17.320000000,Entregado
471,99,227,2025-10-17 23:38:17.347000000,Pendiente
472,765,34,2025-10-17 23:38:17.367000000,Preparando
473,357,816,2025-10-22 23:38:17.417000000,Entregado
474,866,404,2025-10-16 23:38:17.467000000,Pendiente
475,453,398,2025-09-26 23:38:17.507000000,Preparando
476,339,443,2025-10-12 23:38:17.537000000,Entregado
477,994,898,2025-10-07 23:38:17.597000000,Pendiente
478,523,196,2025-09-30 23:38:17.650000000,Preparando
479,13,946,2025-10-13 23:38:17.693000000,Entregado
480,973,680,2025-10-05 23:38:17.750000000,Pendiente
481,935,789,2025-10-09 23:38:17.797000000,Preparando
482,62,336,2025-10-07 23:38:17.820000000,Entregado
483,535,118,2025-09-26 23:38:17.843000000,Pendiente
484,192,821,2025-09-27 23:38:17.873000000,Preparando
485,179,373,2025-09-30 23:38:17.910000000,Entregado
486,595,749,2025-10-12 23:38:17.933000000,Pendiente
487,55,64,2025-10-25 23:38:17.960000000,Preparando
488,532,340,2025-10-10 23:38:17.997000000,Entregado
489,998,447,2025-10-08 23:38:18.027000000,Pendiente
490,966,534,2025-10-12 23:38:18.050000000,Preparando
491,659,233,2025-09-26 23:38:18.083000000,Entregado
492,636,386,2025-10-16 23:38:18.113000000,Pendiente
493,394,883,2025-09-26 23:38:18.140000000,Preparando
494,596,380,2025-09-28 23:38:18.163000000,Entregado
495,818,451,2025-10-06 23:38:18.190000000,Pendiente
496,397,835,2025-10-23 23:38:18.223000000,Preparando
497,594,663,2025-10-17 23:38:18.253000000,Entregado
498,861,10,2025-10-23 23:38:18.283000000,Pendiente
499,662,226,2025-10-22 23:38:18.323000000,Preparando
500,101,427,2025-10-11 23:38:18.347000000,Entregado
501,838,98,2025-10-09 23:38:18.373000000,Pendiente
502,847,974,2025-10-17 23:38:18.397000000,Preparando
503,608,980,2025-10-24 23:38:18.420000000,Entregado
504,343,661,2025-09-29 23:38:16.950000000,Pendiente
505,521,224,2025-10-15 23:38:16.977000000,Preparando
506,664,555,2025-10-18 23:38:17.007000000,Entregado
507,591,427,2025-10-16 23:38:17.030000000,Pendiente
508,873,843,2025-10-20 23:38:17.060000000,Preparando
509,123,829,2025-10-23 23:38:17.083000000,Entregado
510,484,879,2025-10-13 23:38:17.103000000,Pendiente
511,13,959,2025-10-25 23:38:17.137000000,Preparando
512,277,969,2025-10-13 23:38:17.167000000,Entregado
513,833,639,2025-09-26 23:38:17.200000000,Pendiente
514,546,749,2025-10-15 23:38:17.223000000,Preparando
515,942,249,2025-09-30 23:38:17.243000000,Entregado
516,1000,169,2025-10-11 23:38:17.273000000,Pendiente
517,672,467,2025-10-02 23:38:17.297000000,Preparando
518,310,484,2025-10-09 23:38:17.317000000,Entregado
519,426,666,2025-10-05 23:38:17.350000000,Pendiente
520,259,686,2025-10-07 23:38:17.380000000,Preparando
521,935,555,2025-10-18 23:38:17.417000000,Entregado
522,553,439,2025-10-02 23:38:17.443000000,Pendiente
523,151,747,2025-10-05 23:38:17.467000000,Preparando
524,404,486,2025-10-20 23:38:17.500000000,Entregado
525,209,73,2025-10-24 23:38:17.530000000,Pendiente
526,915,419,2025-10-25 23:38:17.563000000,Preparando
527,433,638,2025-09-28 23:38:17.593000000,Entregado
528,474,94,2025-10-09 23:38:17.617000000,Pendiente
529,872,831,2025-10-06 23:38:17.643000000,Preparando
530,432,872,2025-10-05 23:38:17.673000000,Entregado
531,910,496,2025-10-14 23:38:17.703000000,Pendiente
532,485,796,2025-10-13 23:38:17.727000000,Preparando
533,708,419,2025-09-29 23:38:17.760000000,Entregado
534,999,226,2025-10-03 23:38:17.793000000,Pendiente
535,828,411,2025-10-14 23:38:17.817000000,Preparando
536,213,882,2025-10-08 23:38:17.847000000,Entregado
537,830,219,2025-10-08 23:38:17.870000000,Pendiente
538,720,509,2025-10-19 23:38:17.903000000,Preparando
539,156,27,2025-10-23 23:38:17.927000000,Entregado
540,303,208,2025-10-20 23:38:17.953000000,Pendiente
541,147,448,2025-10-07 23:38:17.987000000,Preparando
542,240,725,2025-09-28 23:38:18.033000000,Entregado
543,735,695,2025-10-01 23:38:18.063000000,Pendiente
544,612,296,2025-10-25 23:38:18.097000000,Preparando
545,15,878,2025-10-04 23:38:18.120000000,Entregado
546,590,865,2025-10-25 23:38:18.153000000,Pendiente
547,202,441,2025-09-30 23:38:18.187000000,Preparando
548,200,805,2025-10-03 23:38:18.220000000,Entregado
549,48,294,2025-10-11 23:38:18.260000000,Pendiente
550,670,890,2025-10-07 23:38:18.300000000,Preparando
551,148,224,2025-10-06 23:38:18.350000000,Entregado
552,357,841,2025-10-21 23:38:18.387000000,Pendiente
553,566,881,2025-10-08 23:38:18.423000000,Preparando
554,556,675,2025-10-02 23:38:18.457000000,Entregado
555,622,696,2025-10-07 23:38:18.487000000,Pendiente
556,401,60,2025-10-11 23:38:18.513000000,Preparando
557,975,326,2025-10-21 23:38:18.547000000,Entregado
558,32,331,2025-09-28 23:38:18.570000000,Pendiente
559,727,885,2025-10-11 23:38:18.603000000,Preparando
560,127,213,2025-09-27 23:38:18.630000000,Entregado
561,519,844,2025-10-03 23:38:18.670000000,Pendiente
562,876,815,2025-09-30 23:38:18.700000000,Preparando
563,196,896,2025-10-01 23:38:18.723000000,Entregado
564,390,601,2025-10-20 23:38:18.747000000,Pendiente
565,459,484,2025-10-01 23:38:18.773000000,Preparando
566,595,460,2025-10-08 23:38:18.793000000,Entregado
567,55,734,2025-10-07 23:38:18.830000000,Pendiente
568,183,318,2025-10-15 23:38:18.860000000,Preparando
569,759,359,2025-10-05 23:38:18.883000000,Entregado
570,761,805,2025-10-13 23:38:18.920000000,Pendiente
571,715,18,2025-10-25 23:38:18.960000000,Preparando
572,608,251,2025-10-02 23:38:18.990000000,Entregado
573,414,708,2025-10-09 23:38:19.027000000,Pendiente
574,832,661,2025-10-16 23:38:19.047000000,Preparando
575,573,454,2025-09-30 23:38:19.080000000,Entregado
576,3,458,2025-10-16 23:38:19.110000000,Pendiente
577,949,688,2025-10-18 23:38:19.130000000,Preparando
578,411,421,2025-10-03 23:38:19.160000000,Entregado
579,8,470,2025-10-23 23:38:19.190000000,Pendiente
580,890,208,2025-10-10 23:38:19.210000000,Preparando
581,255,647,2025-10-18 23:38:19.247000000,Entregado
582,210,203,2025-10-21 23:38:19.283000000,Pendiente
583,827,162,2025-10-06 23:38:19.313000000,Preparando
584,352,957,2025-10-20 23:38:19.337000000,Entregado
585,625,583,2025-10-06 23:38:19.360000000,Pendiente
586,64,162,2025-10-17 23:38:19.380000000,Preparando
587,115,337,2025-10-13 23:38:19.410000000,Entregado
588,743,764,2025-10-16 23:38:19.440000000,Pendiente
589,168,843,2025-10-06 23:38:19.473000000,Preparando
590,963,644,2025-09-29 23:38:19.500000000,Entregado
591,51,24,2025-10-03 23:38:19.523000000,Pendiente
592,179,274,2025-10-03 23:38:19.547000000,Preparando
593,707,217,2025-10-19 23:38:19.573000000,Entregado
594,604,677,2025-10-15 23:38:19.603000000,Pendiente
595,704,455,2025-09-29 23:38:19.630000000,Preparando
596,903,970,2025-10-13 23:38:19.653000000,Entregado
597,263,6,2025-09-28 23:38:19.677000000,Pendiente
598,56,732,2025-10-06 23:38:19.700000000,Preparando
599,943,141,2025-10-14 23:38:19.730000000,Entregado
600,492,707,2025-10-10 23:38:19.760000000,Pendiente
601,729,507,2025-10-24 23:38:19.790000000,Preparando
602,415,223,2025-10-18 23:38:19.813000000,Entregado
603,848,464,2025-10-23 23:38:19.837000000,Pendiente
604,944,617,2025-10-01 23:38:19.863000000,Preparando
605,909,340,2025-09-30 23:38:19.890000000,Entregado
606,798,127,2025-10-14 23:38:19.920000000,Pendiente
607,216,161,2025-09-26 23:38:19.953000000,Preparando
608,952,49,2025-10-12 23:38:19.987000000,Entregado
609,833,335,2025-10-20 23:38:20.010000000,Pendiente
610,656,567,2025-10-02 23:38:20.043000000,Preparando
611,273,63,2025-10-07 23:38:20.070000000,Entregado
612,194,352,2025-10-15 23:38:20.110000000,Pendiente
613,997,247,2025-09-29 23:38:20.140000000,Preparando
614,148,919,2025-09-30 23:38:20.173000000,Entregado
615,864,194,2025-10-08 23:38:20.210000000,Pendiente
616,446,680,2025-10-17 23:38:20.260000000,Preparando
617,478,693,2025-10-20 23:38:20.300000000,Entregado
618,632,366,2025-10-01 23:38:20.327000000,Pendiente
619,743,877,2025-10-23 23:38:20.370000000,Preparando
620,191,887,2025-10-12 23:38:20.413000000,Entregado
621,295,569,2025-10-07 23:38:20.440000000,Pendiente
622,910,575,2025-10-25 23:38:20.470000000,Preparando
623,638,743,2025-10-19 23:38:20.517000000,Entregado
624,857,675,2025-10-06 23:38:20.547000000,Pendiente
625,948,480,2025-10-02 23:38:20.583000000,Preparando
626,457,152,2025-10-11 23:38:20.623000000,Entregado
627,177,773,2025-10-12 23:38:20.660000000,Pendiente
628,251,733,2025-10-25 23:38:20.683000000,Preparando
629,331,669,2025-10-11 23:38:20.720000000,Entregado
630,603,615,2025-09-30 23:38:20.750000000,Pendiente
631,59,273,2025-10-04 23:38:20.773000000,Preparando
632,321,65,2025-10-18 23:38:20.807000000,Entregado
633,44,787,2025-10-08 23:38:20.837000000,Pendiente
634,677,434,2025-10-16 23:38:20.867000000,Preparando
635,476,860,2025-10-16 23:38:20.897000000,Entregado
636,235,683,2025-10-06 23:38:20.927000000,Pendiente
637,881,100,2025-10-08 23:38:20.963000000,Preparando
638,729,621,2025-09-27 23:38:21.017000000,Entregado
639,127,450,2025-10-03 23:38:21.050000000,Pendiente
640,149,342,2025-10-17 23:38:21.077000000,Preparando
641,847,378,2025-10-25 23:38:21.113000000,Entregado
642,977,306,2025-10-21 23:38:21.160000000,Pendiente
643,753,94,2025-10-10 23:38:21.213000000,Preparando
644,678,951,2025-10-17 23:38:21.307000000,Entregado
645,272,539,2025-10-12 23:38:21.337000000,Pendiente
646,897,936,2025-10-04 23:38:21.380000000,Preparando
647,488,10,2025-10-06 23:38:21.407000000,Entregado
648,66,228,2025-10-03 23:38:21.440000000,Pendiente
649,351,907,2025-10-10 23:38:21.480000000,Preparando
650,950,349,2025-10-25 23:38:21.507000000,Entregado
651,474,283,2025-10-13 23:38:21.547000000,Pendiente
652,640,507,2025-10-08 23:38:21.593000000,Preparando
653,235,976,2025-10-12 23:38:21.647000000,Entregado
654,836,480,2025-10-08 23:38:21.690000000,Pendiente
655,762,768,2025-10-18 23:38:21.717000000,Preparando
656,825,805,2025-10-10 23:38:21.747000000,Entregado
657,558,506,2025-10-21 23:38:21.780000000,Pendiente
658,466,60,2025-09-29 23:38:21.830000000,Preparando
659,182,468,2025-10-24 23:38:21.877000000,Entregado
660,923,545,2025-10-02 23:38:21.923000000,Pendiente
661,478,894,2025-10-14 23:38:21.970000000,Preparando
662,560,465,2025-10-13 23:38:22,Entregado
663,215,240,2025-10-04 23:38:22.030000000,Pendiente
664,239,652,2025-10-12 23:38:22.063000000,Preparando
665,637,495,2025-10-17 23:38:22.090000000,Entregado
666,799,937,2025-09-26 23:38:22.113000000,Pendiente
667,296,150,2025-10-09 23:38:22.137000000,Preparando
668,116,689,2025-10-24 23:38:22.177000000,Entregado
669,208,956,2025-10-04 23:38:22.217000000,Pendiente
670,375,564,2025-10-05 23:38:22.237000000,Preparando
671,626,504,2025-09-30 23:38:22.263000000,Entregado
672,290,483,2025-10-09 23:38:22.303000000,Pendiente
673,733,421,2025-10-08 23:38:22.340000000,Preparando
674,191,941,2025-10-17 23:38:22.380000000,Entregado
675,179,249,2025-09-28 23:38:22.443000000,Pendiente
676,931,519,2025-10-04 23:38:22.490000000,Preparando
677,880,962,2025-10-16 23:38:22.523000000,Entregado
678,140,20,2025-10-02 23:38:22.563000000,Pendiente
679,61,569,2025-10-17 23:38:22.590000000,Preparando
680,484,14,2025-09-30 23:38:22.620000000,Entregado
681,299,839,2025-10-04 23:38:22.660000000,Pendiente
682,659,98,2025-10-05 23:38:22.700000000,Preparando
683,307,930,2025-10-07 23:38:22.743000000,Entregado
684,441,348,2025-10-05 23:38:22.783000000,Pendiente
685,851,408,2025-10-18 23:38:22.820000000,Preparando
686,932,770,2025-10-15 23:38:22.843000000,Entregado
687,652,80,2025-09-30 23:38:22.877000000,Pendiente
688,600,416,2025-09-30 23:38:22.907000000,Preparando
689,815,803,2025-10-24 23:38:22.940000000,Entregado
690,700,660,2025-10-16 23:38:22.973000000,Pendiente
691,129,75,2025-09-30 23:38:23.007000000,Preparando
692,591,767,2025-10-05 23:38:23.037000000,Entregado
693,849,893,2025-10-08 23:38:23.073000000,Pendiente
694,774,993,2025-10-05 23:38:23.113000000,Preparando
695,329,665,2025-10-04 23:38:23.140000000,Entregado
696,290,878,2025-10-14 23:38:23.177000000,Pendiente
697,48,95,2025-10-04 23:38:23.200000000,Preparando
698,631,47,2025-10-11 23:38:23.237000000,Entregado
699,116,705,2025-10-12 23:38:23.280000000,Pendiente
700,537,228,2025-09-29 23:38:23.317000000,Preparando
701,438,502,2025-09-28 23:38:23.343000000,Entregado
702,204,937,2025-10-12 23:38:23.377000000,Pendiente
703,377,44,2025-09-28 23:38:23.400000000,Preparando
704,19,690,2025-09-30 23:38:23.437000000,Entregado
705,47,884,2025-10-05 23:38:23.463000000,Pendiente
706,534,703,2025-10-12 23:38:23.493000000,Preparando
707,728,350,2025-09-29 23:38:23.517000000,Entregado
708,218,722,2025-10-16 23:38:23.553000000,Pendiente
709,332,107,2025-10-02 23:38:23.580000000,Preparando
710,445,509,2025-10-07 23:38:23.610000000,Entregado
711,122,483,2025-10-19 23:38:23.640000000,Pendiente
712,471,669,2025-10-10 23:38:23.660000000,Preparando
713,540,40,2025-10-02 23:38:23.687000000,Entregado
714,491,419,2025-10-17 23:38:23.720000000,Pendiente
715,453,172,2025-09-29 23:38:23.750000000,Preparando
716,243,613,2025-10-18 23:38:23.770000000,Entregado
717,676,591,2025-09-30 23:38:23.810000000,Pendiente
718,618,446,2025-10-13 23:38:23.843000000,Preparando
719,416,90,2025-10-19 23:38:23.877000000,Entregado
720,188,885,2025-09-26 23:38:23.920000000,Pendiente
721,220,864,2025-10-13 23:38:23.953000000,Preparando
722,985,796,2025-10-13 23:38:23.990000000,Entregado
723,226,68,2025-10-01 23:38:24.027000000,Pendiente
724,7,722,2025-10-14 23:38:24.077000000,Preparando
725,528,99,2025-10-24 23:38:24.123000000,Entregado
726,17,345,2025-10-04 23:38:24.153000000,Pendiente
727,627,447,2025-10-12 23:38:24.180000000,Preparando
728,365,846,2025-10-01 23:38:24.210000000,Entregado
729,699,596,2025-10-08 23:38:24.233000000,Pendiente
730,982,25,2025-10-07 23:38:24.273000000,Preparando
731,772,400,2025-10-16 23:38:24.300000000,Entregado
732,9,971,2025-10-24 23:38:24.343000000,Pendiente
733,459,179,2025-10-01 23:38:24.387000000,Preparando
734,208,501,2025-09-26 23:38:24.427000000,Entregado
735,866,909,2025-10-17 23:38:24.470000000,Pendiente
736,753,800,2025-10-11 23:38:24.503000000,Preparando
737,146,108,2025-10-02 23:38:24.533000000,Entregado
738,644,858,2025-09-28 23:38:24.580000000,Pendiente
739,523,758,2025-10-01 23:38:24.610000000,Preparando
740,943,720,2025-10-14 23:38:24.640000000,Entregado
741,708,110,2025-10-23 23:38:24.683000000,Pendiente
742,483,629,2025-10-05 23:38:24.703000000,Preparando
743,366,111,2025-10-08 23:38:24.740000000,Entregado
744,831,455,2025-10-04 23:38:24.767000000,Pendiente
745,634,983,2025-10-21 23:38:24.800000000,Preparando
746,113,555,2025-09-27 23:38:24.827000000,Entregado
747,813,543,2025-10-12 23:38:24.853000000,Pendiente
748,11,722,2025-10-17 23:38:24.887000000,Preparando
749,854,555,2025-10-24 23:38:24.920000000,Entregado
750,285,484,2025-10-05 23:38:24.960000000,Pendiente
751,396,149,2025-10-04 23:38:25.007000000,Preparando
752,572,757,2025-10-01 23:38:25.037000000,Entregado
753,653,718,2025-10-22 23:38:25.063000000,Pendiente
754,420,654,2025-10-09 23:38:25.090000000,Preparando
755,83,355,2025-10-08 23:38:25.130000000,Entregado
756,610,437,2025-09-30 23:38:25.160000000,Pendiente
757,532,571,2025-10-21 23:38:25.183000000,Preparando
758,485,627,2025-10-11 23:38:25.213000000,Entregado
759,838,914,2025-10-22 23:38:25.250000000,Pendiente
760,775,229,2025-10-05 23:38:25.277000000,Preparando
761,939,617,2025-10-06 23:38:25.300000000,Entregado
762,842,334,2025-09-28 23:38:25.327000000,Pendiente
763,159,819,2025-09-29 23:38:25.350000000,Preparando
764,740,696,2025-10-12 23:38:25.387000000,Entregado
765,254,284,2025-10-01 23:38:25.420000000,Pendiente
766,724,924,2025-10-23 23:38:25.443000000,Preparando
767,158,620,2025-10-04 23:38:25.477000000,Entregado
768,875,250,2025-10-03 23:38:25.503000000,Pendiente
769,142,894,2025-10-24 23:38:25.540000000,Preparando
770,673,806,2025-10-03 23:38:25.560000000,Entregado
771,895,492,2025-10-22 23:38:25.583000000,Pendiente
772,860,43,2025-10-01 23:38:25.610000000,Preparando
773,740,318,2025-10-14 23:38:25.633000000,Entregado
774,787,500,2025-10-08 23:38:25.663000000,Pendiente
775,455,41,2025-10-08 23:38:25.693000000,Preparando
776,808,934,2025-10-22 23:38:25.723000000,Entregado
777,204,883,2025-10-24 23:38:25.753000000,Pendiente
778,258,199,2025-09-26 23:38:25.787000000,Preparando
779,490,483,2025-10-07 23:38:25.820000000,Entregado
780,178,504,2025-10-13 23:38:25.860000000,Pendiente
781,433,212,2025-10-20 23:38:25.883000000,Preparando
782,721,364,2025-10-01 23:38:25.910000000,Entregado
783,137,843,2025-10-04 23:38:25.937000000,Pendiente
784,172,387,2025-10-14 23:38:25.973000000,Preparando
785,841,541,2025-10-18 23:38:26.003000000,Entregado
786,365,214,2025-10-09 23:38:26.033000000,Pendiente
787,954,218,2025-10-03 23:38:26.067000000,Preparando
788,93,853,2025-10-08 23:38:26.100000000,Entregado
789,935,163,2025-10-23 23:38:26.137000000,Pendiente
790,259,313,2025-10-07 23:38:26.167000000,Preparando
791,341,692,2025-10-13 23:38:26.197000000,Entregado
792,67,434,2025-09-28 23:38:26.223000000,Pendiente
793,721,801,2025-10-11 23:38:26.260000000,Preparando
794,102,201,2025-10-16 23:38:26.297000000,Entregado
795,471,725,2025-10-23 23:38:26.323000000,Pendiente
796,852,263,2025-10-25 23:38:26.353000000,Preparando
797,172,950,2025-10-23 23:38:26.390000000,Entregado
798,758,239,2025-10-17 23:38:26.420000000,Pendiente
799,988,493,2025-10-09 23:38:26.453000000,Preparando
800,918,745,2025-09-28 23:38:26.493000000,Entregado
801,968,630,2025-10-02 23:38:26.523000000,Pendiente
802,867,20,2025-10-22 23:38:26.543000000,Preparando
803,566,370,2025-10-16 23:38:26.573000000,Entregado
804,294,382,2025-10-05 23:38:26.603000000,Pendiente
805,860,526,2025-09-27 23:38:26.637000000,Preparando
806,84,448,2025-10-09 23:38:26.667000000,Entregado
807,165,778,2025-10-20 23:38:26.693000000,Pendiente
808,69,658,2025-10-19 23:38:26.723000000,Preparando
809,565,124,2025-10-01 23:38:26.753000000,Entregado
810,551,386,2025-09-28 23:38:26.783000000,Pendiente
811,982,757,2025-10-21 23:38:26.820000000,Preparando
812,88,882,2025-10-08 23:38:26.850000000,Entregado
813,354,113,2025-10-07 23:38:26.873000000,Pendiente
814,750,491,2025-10-02 23:38:26.897000000,Preparando
815,706,523,2025-10-14 23:38:26.933000000,Entregado
816,413,99,2025-10-03 23:38:26.963000000,Pendiente
817,758,37,2025-10-23 23:38:26.993000000,Preparando
818,507,591,2025-10-13 23:38:27.033000000,Entregado
819,704,945,2025-09-29 23:38:27.067000000,Pendiente
820,807,502,2025-10-02 23:38:27.110000000,Preparando
821,531,653,2025-10-10 23:38:27.150000000,Entregado
822,461,190,2025-10-24 23:38:27.173000000,Pendiente
823,525,689,2025-09-30 23:38:27.210000000,Preparando
824,990,50,2025-10-02 23:38:27.260000000,Entregado
825,467,234,2025-10-06 23:38:27.310000000,Pendiente
826,546,970,2025-09-26 23:38:27.340000000,Preparando
827,509,229,2025-10-13 23:38:27.373000000,Entregado
828,403,75,2025-10-25 23:38:27.397000000,Pendiente
829,744,861,2025-09-26 23:38:27.417000000,Preparando
830,434,720,2025-10-25 23:38:27.447000000,Entregado
831,928,737,2025-10-25 23:38:27.477000000,Pendiente
832,646,365,2025-09-29 23:38:27.513000000,Preparando
833,902,709,2025-10-08 23:38:27.540000000,Entregado
834,398,436,2025-10-02 23:38:27.577000000,Pendiente
835,350,785,2025-09-26 23:38:27.603000000,Preparando
836,751,298,2025-09-29 23:38:27.633000000,Entregado
837,558,833,2025-10-03 23:38:27.653000000,Pendiente
838,450,769,2025-09-26 23:38:27.690000000,Preparando
839,193,225,2025-10-22 23:38:27.713000000,Entregado
840,908,210,2025-10-25 23:38:27.740000000,Pendiente
841,294,115,2025-10-12 23:38:27.773000000,Preparando
842,829,125,2025-10-08 23:38:27.797000000,Entregado
843,93,820,2025-10-20 23:38:27.830000000,Pendiente
844,552,204,2025-10-17 23:38:27.863000000,Preparando
845,686,112,2025-10-08 23:38:27.887000000,Entregado
846,979,523,2025-10-10 23:38:27.920000000,Pendiente
847,539,512,2025-10-25 23:38:27.953000000,Preparando
848,539,548,2025-10-11 23:38:27.990000000,Entregado
849,953,256,2025-10-15 23:38:28.030000000,Pendiente
850,814,573,2025-10-06 23:38:28.053000000,Preparando
851,813,244,2025-10-17 23:38:28.080000000,Entregado
852,171,542,2025-10-21 23:38:28.100000000,Pendiente
853,65,33,2025-10-23 23:38:28.133000000,Preparando
854,242,653,2025-10-25 23:38:28.170000000,Entregado
855,695,565,2025-09-30 23:38:28.197000000,Pendiente
856,211,422,2025-10-25 23:38:28.223000000,Preparando
857,913,243,2025-10-20 23:38:28.257000000,Entregado
858,13,111,2025-10-23 23:38:28.293000000,Pendiente
859,955,711,2025-10-23 23:38:28.317000000,Preparando
860,38,363,2025-10-08 23:38:28.353000000,Entregado
861,998,668,2025-10-01 23:38:28.390000000,Pendiente
862,2,764,2025-09-28 23:38:28.417000000,Preparando
863,236,437,2025-10-12 23:38:28.443000000,Entregado
864,81,607,2025-10-07 23:38:28.467000000,Pendiente
865,783,581,2025-09-29 23:38:28.503000000,Preparando
866,486,534,2025-10-20 23:38:28.530000000,Entregado
867,369,610,2025-09-28 23:38:28.560000000,Pendiente
868,729,647,2025-09-29 23:38:28.590000000,Preparando
869,483,455,2025-10-14 23:38:28.610000000,Entregado
870,2,262,2025-10-20 23:38:28.640000000,Pendiente
871,476,106,2025-10-18 23:38:28.677000000,Preparando
872,726,134,2025-10-18 23:38:28.710000000,Entregado
873,394,823,2025-10-17 23:38:28.733000000,Pendiente
874,788,641,2025-10-02 23:38:28.757000000,Preparando
875,184,724,2025-09-27 23:38:28.790000000,Entregado
876,127,514,2025-10-06 23:38:28.827000000,Pendiente
877,603,816,2025-10-15 23:38:28.850000000,Preparando
878,348,27,2025-10-04 23:38:28.883000000,Entregado
879,923,413,2025-10-24 23:38:28.920000000,Pendiente
880,382,831,2025-10-12 23:38:28.950000000,Preparando
881,913,804,2025-10-24 23:38:28.970000000,Entregado
882,774,190,2025-10-03 23:38:29,Pendiente
883,782,367,2025-10-20 23:38:29.037000000,Preparando
884,772,635,2025-10-16 23:38:29.063000000,Entregado
885,648,724,2025-10-25 23:38:29.097000000,Pendiente
886,489,274,2025-10-23 23:38:29.133000000,Preparando
887,486,94,2025-10-14 23:38:29.157000000,Entregado
888,411,883,2025-10-18 23:38:29.180000000,Pendiente
889,198,157,2025-10-21 23:38:29.207000000,Preparando
890,924,770,2025-10-16 23:38:29.237000000,Entregado
891,797,684,2025-10-06 23:38:29.260000000,Pendiente
892,683,513,2025-10-10 23:38:29.290000000,Preparando
893,196,66,2025-10-10 23:38:29.333000000,Entregado
894,418,262,2025-10-17 23:38:29.360000000,Pendiente
895,215,84,2025-10-04 23:38:29.397000000,Preparando
896,231,296,2025-10-03 23:38:29.437000000,Entregado
897,698,287,2025-09-29 23:38:29.460000000,Pendiente
898,416,124,2025-10-02 23:38:29.493000000,Preparando
899,955,15,2025-09-30 23:38:29.527000000,Entregado
900,82,677,2025-10-13 23:38:29.567000000,Pendiente
901,204,187,2025-10-21 23:38:29.607000000,Preparando
902,176,385,2025-10-15 23:38:29.647000000,Entregado
903,85,809,2025-09-28 23:38:29.680000000,Pendiente
904,753,894,2025-10-23 23:38:29.747000000,Preparando
905,844,251,2025-10-21 23:38:29.790000000,Entregado
906,801,65,2025-10-09 23:38:29.827000000,Pendiente
907,707,137,2025-10-20 23:38:29.877000000,Preparando
908,609,622,2025-10-01 23:38:29.933000000,Entregado
909,92,769,2025-10-08 23:38:29.970000000,Pendiente
910,964,718,2025-10-12 23:38:30.010000000,Preparando
911,991,423,2025-10-24 23:38:30.040000000,Entregado
912,283,47,2025-10-11 23:38:30.073000000,Pendiente
913,994,479,2025-10-19 23:38:30.100000000,Preparando
914,516,239,2025-10-19 23:38:30.127000000,Entregado
915,732,445,2025-10-22 23:38:30.167000000,Pendiente
916,100,231,2025-10-23 23:38:30.200000000,Preparando
917,824,679,2025-10-13 23:38:30.240000000,Entregado
918,795,257,2025-10-19 23:38:30.280000000,Pendiente
919,359,701,2025-10-25 23:38:30.313000000,Preparando
920,747,454,2025-10-17 23:38:30.350000000,Entregado
921,169,632,2025-10-08 23:38:30.387000000,Pendiente
922,302,127,2025-10-06 23:38:30.420000000,Preparando
923,880,336,2025-10-17 23:38:30.443000000,Entregado
924,670,753,2025-10-19 23:38:30.483000000,Pendiente
925,264,945,2025-10-23 23:38:30.510000000,Preparando
926,193,183,2025-09-29 23:38:30.537000000,Entregado
927,700,93,2025-10-23 23:38:30.570000000,Pendiente
928,892,637,2025-10-03 23:38:30.603000000,Preparando
929,26,94,2025-10-07 23:38:30.647000000,Entregado
930,96,743,2025-10-16 23:38:30.670000000,Pendiente
931,187,953,2025-10-21 23:38:30.700000000,Preparando
932,596,344,2025-09-29 23:38:30.733000000,Entregado
933,996,87,2025-10-05 23:38:30.773000000,Pendiente
934,435,256,2025-10-13 23:38:30.813000000,Preparando
935,757,33,2025-10-06 23:38:30.840000000,Entregado
936,451,335,2025-09-29 23:38:30.870000000,Pendiente
937,584,576,2025-10-11 23:38:30.910000000,Preparando
938,816,94,2025-10-20 23:38:30.937000000,Entregado
939,956,757,2025-10-22 23:38:30.973000000,Pendiente
940,139,29,2025-10-13 23:38:31.017000000,Preparando
941,533,132,2025-10-04 23:38:31.047000000,Entregado
942,458,866,2025-10-02 23:38:31.080000000,Pendiente
943,133,489,2025-09-28 23:38:31.113000000,Preparando
944,743,961,2025-09-27 23:38:31.147000000,Entregado
945,914,226,2025-10-14 23:38:31.180000000,Pendiente
946,934,641,2025-10-12 23:38:31.207000000,Preparando
947,474,587,2025-10-18 23:38:31.237000000,Entregado
948,165,49,2025-10-07 23:38:31.277000000,Pendiente
949,118,830,2025-10-25 23:38:31.310000000,Preparando
950,877,925,2025-10-07 23:38:31.343000000,Entregado
951,802,446,2025-10-03 23:38:31.370000000,Pendiente
952,416,131,2025-10-12 23:38:31.403000000,Preparando
953,169,53,2025-10-19 23:38:31.450000000,Entregado
954,744,87,2025-10-12 23:38:31.483000000,Pendiente
955,20,262,2025-10-06 23:38:31.530000000,Preparando
956,685,299,2025-10-21 23:38:31.590000000,Entregado
957,109,807,2025-10-07 23:38:31.630000000,Pendiente
958,201,915,2025-10-19 23:38:31.690000000,Preparando
959,252,847,2025-09-28 23:38:31.793000000,Entregado
960,322,59,2025-10-23 23:38:31.840000000,Pendiente
961,666,903,2025-10-24 23:38:31.903000000,Preparando
962,263,37,2025-10-01 23:38:31.987000000,Entregado
963,758,943,2025-10-04 23:38:32.063000000,Pendiente
964,93,808,2025-10-09 23:38:32.137000000,Preparando
965,994,280,2025-10-05 23:38:32.170000000,Entregado
966,457,370,2025-10-16 23:38:32.203000000,Pendiente
967,766,322,2025-10-25 23:38:32.223000000,Preparando
968,956,1000,2025-09-29 23:38:32.253000000,Entregado
969,282,319,2025-10-09 23:38:32.287000000,Pendiente
970,6,988,2025-10-02 23:38:32.310000000,Preparando
971,743,654,2025-10-09 23:38:32.350000000,Entregado
972,697,722,2025-10-07 23:38:32.390000000,Pendiente
973,567,937,2025-10-25 23:38:32.417000000,Preparando
974,90,436,2025-10-25 23:38:32.443000000,Entregado
975,738,771,2025-10-21 23:38:32.483000000,Pendiente
976,474,716,2025-10-15 23:38:32.523000000,Preparando
977,368,237,2025-10-18 23:38:32.563000000,Entregado
978,690,219,2025-10-01 23:38:32.590000000,Pendiente
979,131,700,2025-09-27 23:38:32.617000000,Preparando
980,742,458,2025-10-21 23:38:32.640000000,Entregado
981,707,324,2025-10-20 23:38:32.673000000,Pendiente
982,212,563,2025-10-08 23:38:32.703000000,Preparando
983,853,450,2025-10-20 23:38:32.743000000,Entregado
984,232,903,2025-10-19 23:38:32.777000000,Pendiente
985,606,669,2025-10-05 23:38:32.817000000,Preparando
986,43,134,2025-10-20 23:38:32.857000000,Entregado
987,347,827,2025-09-30 23:38:32.893000000,Pendiente
988,758,279,2025-10-21 23:38:32.923000000,Preparando
989,492,727,2025-10-24 23:38:32.967000000,Entregado
990,872,458,2025-10-10 23:38:32.997000000,Pendiente
991,256,823,2025-09-27 23:38:33.040000000,Preparando
992,135,567,2025-09-29 23:38:33.080000000,Entregado
993,549,381,2025-10-25 23:38:33.110000000,Pendiente
994,428,268,2025-10-01 23:38:33.157000000,Preparando
995,595,561,2025-10-11 23:38:33.200000000,Entregado
996,29,195,2025-10-11 23:38:33.250000000,Pendiente
997,877,372,2025-10-25 23:38:33.283000000,Preparando
998,6,565,2025-10-21 23:38:33.327000000,Entregado
999,281,249,2025-09-26 23:38:33.360000000,Pendiente
1000,954,862,2025-09-30 23:38:33.383000000,Preparando
